cod_accidente,descripcion,responsabilidad
aa    ,circulaba por la avenida del libertador cuando impacto con la parte delantera en la parte trasera del tercero que se detiene  delante de mi a raiz del impacto un ocupante del otro vehiculo manifestaba sentir dolor cervical por lo que interviene personal policial y de ambulancia los cuales trasladan al mismo hasta el hospital de moreno sin lesiones,comprometida
aa    ,lugar de ocurrencia paseo  y av  circulando por paseo  cuando llego al cruce con av  soy colisionada por un auto que venia por esta ultima danando la parte delantera izquierda con el impacto mi sobrina y la acompanante en el vh del ero resultan con dolores sin intervencion de ambulancia ni de la policia ,concurrente
aa    ,denuncia del tercerome encontraba detenido sobre la av del libertador esperando el cambio de semaforo de rojo a verde cuando soy embestido por el tercero en la parte trasera ocasionando los danos detallados,comprometida
aa    ,la avenida estaba congestionada y al frenar el vehculo que venia delante mio no puede frenar a tiempo y lo embest ,comprometida
aa    ,aseg circulando panamericana queda en el medio de un stro en cadena subre un corte en la cabeza y varias costillas fracturadas  femininos posibles lesionadas ampliacin con aseguradome informa que el no recuerda mucho del siniestro porque perdio el conocimiento  sufrio golpes en la cabeza y  fracturas de costillas lo retiraron en ambulancia lo ultimo que recuerda es que estaba circulando por panamericana y hubo un choque delante de el por lo cual los vehiculos que lo antecedian frenaron abruptamente y el tambien cree que el auto que venia detras lo choca y como llovia su auto se desplaza hacia adelante colisionando el vehiculo que lo antecedia donde se encontraban las femeninas nn denunciadas no tiene mas datos del siniestro ni del vehiculo antecesor ni del que lo colisiona de atras ni de las femeninas denunciadas ,comprometida
aa    ,circulaba por balbin y sin intencin colisiono a un vh tercero en su parte trasera con mi parte delantera por dicho impacto dicho vh tercero impacta a un do tercero en su parte trasera con la parte delantera do tercero vw suran patente petpaz claudia natalia dni  federacion patronal poliza  parte trasera no hay otros terceros involucrados ni lesionados datos del tercero pablo arturo gru ford focus pfk  qbe seguros,comprometida
aa    ,colectora panamericana casi thames por cambio de semaforo frenada intempestiva ampliamos con el asegurado en relacion a la mecanica del hecho manifesto que circulaba  por colectora panamericana casi thames que cree por cambio de semaforo el rodado que le precedia freno intempestivamente el no pudo evitar impactar al tercero en la parte trasera no participo policia ni ambulancia cruzaron datos y se fueron del lugar vio que en el auto viajaban el conductor y una mujer de la cual no tomo datosd,comprometida
aa    ,vh aseg circulaba sobre av cabred cuando sobre curva al esquivar un perro se desplaza cayendo dentro de un zanja el vehiculo tiene dano en su parte delantera lateral izquierdo opticas capot etc la acompanante amiga sufre golpes a raiz del impacto es atendida en clinica guemes de lujan sin mas desplazamientos,comprometida
aa    ,circulando por david magdalena a lllegar a la interseccion con calle belgrano se produce la colision con mi parte delantera y la parte trasera derecha de una camioneta que circulaba por belgrano a raiz del impacto la camioneta se desplaza y embiste a  un vh estacionadosin lesiones,concurrente
aa    ,circulaba por consejal jose dans rey doblo en derqui y no observo al tercero que freno y lo embisto en la parte trasera  con mi parte delantera en el vh tercero hubo lesionados sin intervencion policial ni medica,comprometida
aa    ,vh asegurado circulando por calle zabala colisiona con su parte frontal a la parte un tercero que frena de golpe  personas con casco tercero se retira por sus propios medios,comprometida
aa    ,vh asegurado circulando por s de la frontera colisiono con la parte delantera a la trasera de un tercero que se detuvo por semaforo sin lesiones ni desplazamientos  aseg amplia que acompanante de tercero se tocaba el cuello,comprometida
aa    ,mecanica del hecho s vs asegurado  circulando por corrientes cuando doblo a la izquierda para continuar mi marcha por lavalleun vh que venia por esta ultima se asusta y cambia de carril invadiendo la mano contraria que es por donde habia doblado yocalle doble mano y me impacta con su parte delantera en mi lateral izquierdoproducto del impacto el conductor aca pierde el conocimiecontconocimientoes trasladado por ambulancia al hospital zonal de varelaen mi pueblojunto a el tercero quien acuso lesiones en la mano que le informaronal conductor aca luego en la comisariaintervino policia de la com ra de fvarela entregandole el vh luego de radicar la denunciadentro del vh del terc i ba otra persona desconociendo datosno hubo otros terceros inv ni lesionados datos del tercero silva bianca fernanda citr c mfw  ,comprometida
aa    ,vh asegurado circulaba por calle nicaragua cuando colisiona su parte delantera en parte trasera de un tercero que freno por transito sin lesiones ni desplazamientos,comprometida
aa    ,aseg maniobra para salir de lugar estacionado por av yrigoyen cuando impacta con un tercero que circulaba su lateral delantera izquierdo con el lateral trasero derecho sin lesiones ni desplazamiento,comprometida
aa    ,circulaba por la avenida balbin cuando impacto con la parte delantera en la parte trasera de un tercero que se detiene por el trafico delante de mi a raiz del impacto el tercero se desplaza y colisiona con la parte delantera en la parte trasera de otro vehiculo del cual no tengo datos sin lesiones ,comprometida
aa    ,vh aseg circulando por calle alvarez jonte y en la interseccion con calle miguel de salcedo un tercero que circulaba por esta ultima mencionada se atraviesa y el aseg no logra evitar la colision con su pb delantera en el lateral derecho del tercero  en el vh asegurado hay  personas lesionadas transportadas  intervino transito no intervino ambulancia,concurrente
aa    ,circulando por la calle menbrillar al pasar por la derecha al tercero chevrolet celta es cuando este frena de golpe y no puedo evitar colisionarlo al tercero en la parte trasera derecha con la parte delantera izquierda de mi vh sin desplazamiento,comprometida
aa    ,vh aseg circulando sobre av mosconi colisiona con su parte delantera en la parte trasera de un tercero que detuvo la marcha sobre la misma el tercero se deslpaza y colisiona otro vh sobre la misma quien se desplaza y colisiona otro vh el cual se desplaza y colisiona otro sin lesionados,comprometida
aa    , vhl asegurado se encontraba circulando por ayacucho delante se detiene un tercero por transito  asegurado lo colisiona con su parte delantera en su parte trasera sin lesiones sin desplazamientos no interviene policia ni ambulancia,comprometida
aa    ,vh aseg circulando por avda mitre  avellaneda  bs as cuando un tercero que circulaba por la misma en  igual sentido delante del asegurado frena por semaforo y el ultimo lo embiste con la parte frontal en la parte trasera del tercero sin lesiones sin intervenciones sin desplazamientos,comprometida
aa    ,circulaba por av pueyrredon cuando no puedo evitar colisionar al auto que tenia delante con mi parte delantera en su parte trasera izquierda sin desplazamientos ni lesionados,comprometida
aa    ,circulando cuando el vh que venia delante mio frena yo tambien lo hago pero no llego a hacerlo por completo y lo colisiono con mi parte delantera en su parte trasera y este con su parte delantera en la parte trasera de un doro datos del doro  chev agile gris dominiojipno hubo otros terceros involucrados ni lesionados datos del tercero ibanez julio peug  etw  mercantil andina,comprometida
aa    ,circulando por av cristiania giro a mi mano derecha y tomo calle tokio antes de tomarla el tercero que venia delante mio frena de manera imprevista a pesar de haber frenado no logro evitar el contacto de la parte frontal de mi vehiculo con la parte trasera del tercero el conductor acuso sufrir un golpe en su brazo derecho conductor del vehiculo del tercero sr gomez juan carlos  dnilic de conducir nro  emitido por gcba  otorgamiento   vencimiento  no hubo intervencion policial ni de ambulancia datos del tercero robledo gladys lujan fiat idea hlx  fhg   federacion patronal,comprometida
aa    ,vh aseg circulando por independencia al llegar a la interseccion con araoz el aseg embiste con su parte frontal al lateral izquierdo de un vh tercero que cruzaba sobre calle araoz informa que la conductora informo molestias en el cuello no interviene policia y ambulancia ya que no considero la lesion de gravedad y luego del intercambio de datos se retiran por sus propios medios sin desplazamientos,comprometida
aa    ,circulaba por la ruta  cuando debido a un bache pierdo el control del vehiculo e impacto con el lateral izquierdo en el lateral trasero izquierdo de un tercero chevrolet corsa que circulaba por la misma en direccion contraria luego impacto con la parte delantera en la parte delantera de otro vehiculo vw amarok que circulaba en direccion contraria detras del primer vehculo a raiz del impacto el conductor del vhlo chevrolet corsa manifestaba sentir dolor en la espalda por lo que interviene personal de ambulancia los cuales lo atienden en el lugar luego los involucrados se dirigen a la dependencia policiald,comprometida
aa    ,circulando por la av  de abril cuando estoy cruzando la interseccion con sarratea se cruza sin prioridad de paso un vw bora freno pero no logro evitar la colision de mi frente con su parte delantera izq ambos conductores fuimos trasladados al hosp lucio melendez de adrogue por ambulancia no hubo otro lesionado ,discutida
aa    ,asegurado circulando por terrero embiste con su parte delantera a un tercero que circulaba en mismo sentido en su parte trasera sin desplazamientos el conductor del vehiculo tercero y el asegurado sufren lesiones intervino policia y ambulancia,comprometida
aa    ,ciculando por calchaqui al llegar a azurduy freno el transito yo freno pero igualmente toco al peugeot  desplazandose e impactando al vw ventoampliamos con v asegurado en cuanto al hecho corrobor la mecanica impacta al tercero en la parte trasera intent frenar y no lleg a hacerlo manifiesta que en el rodado tercero iban  ocupantes si bien no recuerda exacto las caractersticas solo recordaba la cara de dos de ellos ,comprometida
aa    ,me encontraba saliendo del estacionamiento del shopping cuando un tercero me impacta en mi parte delantera derecha de mi vh con su parte delantera no hubo lesionados ni mas terceros datos del tercero casteluccio agustin vw vento kmc  federacion patronal,comprometida
aa    ,circulando por  de julio y mexico cuando embisto con mi parte delantera en la parte trasera de un ero que detiene la marcha por cambio del semaforo sin desplazamientos ni lesionados,comprometida
aa    ,vh aseg circulanso sobre sourdeaux tunel debajo de las vias del tren  vh tercero detenido por trafico en la misma calle vh aseg pasa el tuenel y en la salida del mismo colisiona su parte delnatera con la parte trasera del vh tercero  sin lesioandos  sin desplazamien tos,comprometida
aa    ,vh aseg circulando por calle miralla mataderos al llegar a av mataderos cuando un tercero frena de golpe para no pasar con el semaforo en rojo es colisionado por la parte trasera con la parte delantera del vh aseg sin desplazamientos y sin lesiones,comprometida
aa    ,el asegurado iba circulando por la av cuando el vehiculo de adelante frena repentinamente y el asegurado lo colisiona en parte trasera con la parte delantera intervino policia tomando datos el conductor del otro vehiculo sufrio latigazo cervical lo mismo que un acompanante,comprometida
aa    ,aseg por saladillo y tercero que aparece por el costado izquierdo por ibanez aseg le colisiona  en la puerta trasera derecha con la trompa del vh aseg tercero  lesionado que iba en la parte de atras del vh tercero interviene policiatel de aseg ,concurrente
aa    ,venia circulando por la calle espinosa en el cruce de esta con la calle arengreen viniendo yo por la mano derecha impacto contra un vehculo contra su puerta delantera derecha y parte de su guardabarros delantero derecho luego del impacto el otro auto se subi a la vereda impactando contra la pared luego del choque el vehiculo se subi a la vereda y termina impactando contraa pared de la vivienda en la esquina la hija del tercero tuvo un golpe en el parietal derecho de su cabeza hubo intervencion del same pero el tercero no quizo que se trasladara a su hija a un hospital no hubo lesionados ni otros ros involucrados en el stro mas alla de lo declarado datos del tercero ana jolly volkswagen voyage jyd  boston,concurrente
aa    ,aseg circulaba por bogota cuando esta comenzando a cruzar por carrasco  es impactado en su parte delantera derecha por tercero que circulaba por esta con la parte frontal del tercero sin lesionesel asegurado amplio por escrito y el original fue dejado en una oficina de v cia hemos anticipado la copia de la ampliacion,comprometida
aa    ,aseg circulaba sobre calle  cuando embiste con la parte delantera en la parte trasera de un tercero renault clio gris que se detuvo delante este producto del impacto se desplaza embistiendo a otro vh  renault clio azul detenido delante el conductor del vehculo renault clio gris result lesionado,comprometida
aa    ,vehiculo asegurado circulando por gral paz cuando cort losbulones de una rueda la rueda salio desplazada e impact a und vehiculo,nan
aa    ,vh aseg saliendo en reversa de gge impacta con su parte trasera en el lateral izquierdo de un tercero que estaba detenido con el conductor arriba sin desplazamientosel conductor del vh tercero inform que se rasp la mano,comprometida
aa    ,circulando por calle casn juan al llegar a la interseccion con calle intenente alvear se produce la colision con mi parte delantera  y la parte lateral izquierda del tercero sin desplazamientos en el vh del tercero sufre lesiones una personano interviene policia ni ambulancia,comprometida
aa    ,vh aseg estaba detenido en el semaforo sobre av dorrego cuando es impactado en la parte trasera por la parte delantera del vh del tercero que circulaba detras sin desplazamientos ni lesionados el conductor del vh aseg sufrio un latigazo amigo y novia del conductor se hacen atender por en el hospital por un latigazo tambien no hubo intervinientes ,discutida
aa    ,vh aseg maniobra para cambiar de carril sobre av centenario colisiona con su lateral trasero derecho con el lateral trasero izquierdo de un tercero detenido sobre la misma por semaforo sin lesinoados ni desplazamientos,comprometida
aa    ,redgreenlue el asegurado circulaba por aguero de sur a norte cuando el tercero que circulaba por aguero a contramano a alta velocidad invade el carril del asegurado y por mas que el asegurado intenta esquivarlo no puede evitar que el tercero lo choque en el lateral derecho con el frente por el choque resulto con lesiones el terceroel asegurado formalizo en quilmes la calle tiene mano y contramano manifiesta  que el tercero iba por su mano y que de golpe  se le vena de frente el asegurado maniobra hacia la izquierda para no chocar de frente con el tercero concurri  policia y ambulancia lo traslado la ambulancia al tercero iba solo el asegurado no fue trasladado  a la comisaria no le hicieron alcoholemia  tercero  tena seguro en federacion patronal tendria fotos y datos de la causa penal insiste en que el tercero venia de contramano no sabe si hara reclamo porque quizas tenga destruccion total ,discutida
aa    ,haba trafico en la rotonda aseg se abre hacia la derecha paraintentar pasar cuando otro vh ingresando en la rotonda roza consu lateral a vh aseg en parte frontal lado derecho solrballesterd gmailcom,nan
aa    ,vhl aseg circulando por de la penavhl de tercero circulanbdo por camino gral belgrano el asegurado indica que asoma para cruzarno hay semaforo y el tercero lo colisiona con su lateral derecho en el lateral izquierdo del vhl asegurado  lesiones conductor del vh del b  luis gonzalo agustin ,comprometida
aa    ,aseg estacionado y al comenzar la marcha un  que venia circulando lo coliciona en el frente delantero derecho  danando tambien la puerta delantera derecha,comprometida
aa    ,circulando por gandara al llegar a burela la senora mira para el otro lado y choca al asegurado en parte delantera con parte delantera sin desplazamientos ni lesiones,comprometida
aa    ,vh asegurado circulando por calle monroe colisiona con su parte frontal a la parte trasera de un tercero detendo por transito sin desplazamientos conductor del vh tercero con lesionesel asegurado  formalizo en casa centraltema leve choque de atrcs no llega a frenar y embiste al tercero que estaba frenado por el trcnsito no participo policia ni ambulancia el tercero supuestamente iba con una chicapero no le tomo datos ni la llego a ver bien porque no bajo del auto  ,comprometida
aa    , asegurado circulando por ruta  mano derecha al perder el control del auto se cruza de carril poniendose de manera  perpendicular es colisionado en el lateral izquierdo por el frente de un camion que lo arrastra unos metros luego se desplaza produce el impacto del asegurado con otro vehiculo vw amarok que circulaba sobre mano contraria de la misma un ocupante del vhlo vw amarok sufre un golpe en la cabeza interviene personal policial y de ambulancia los cuales trasladan al lesionado hasta el hospital de gral pacheco,comprometida
aa    ,asegurado circulaba por pampa se me cruza un gato y pegue un volantazoy pegue con mi paragolpes delantero en un auto que estacionado intervino ambulancia same llamo un vecino no hubo examen alcoholemia saltaron los airbag cabe destacar que en el vehiculo asegurado iba la novia del conductor la cual sufre golpes varios,comprometida
aa    ,asegurado circulando por  embiste con parte delantera a un tercero el cual frena de golpe por transito tercero conductor presenta dolor de cuello se retira sin asistencia  sin desplazamientos,comprometida
aa    ,conductora asegurada no llega a frenar y toca la parte trasera del auto de adelante la tercero conductora acusa latigazo cervical sin desplazamiento,comprometida
aa    ,asegurado detenido por semaforo sobre calle gral hornos ante senalizacion del mismo para comenzar a circular retoma la marcha y colisiona levemente con un tercero que tenia delante impactando con su parte delantera sobre la parte trasera del tercero este manifestia dolores en el cuello sin desplazamientos,comprometida
aa    ,vh aseg doblaba desde calle hacia av constituyentes cuando es colisionada a su angulo delantero izquierdo al lateral derecho de un peugeot patente aaxp que circulaba sobre sobre la ultima el caul realiza una mala maniobra sobrepasando a un colectivo detenido sin semaforos sin lesiones ni desplazamientos,comprometida
aa    ,asegurado doblaba desde laprida hacia av centenario colisiona con parte delantera izquierda a un peaton que cruzaba por la avenida y al ser encadilado por el sol no ve al peatron la senora se retiro por sus propios medios no intervino policia ni ambulancia,comprometida
aa    ,en circunstancias en que el mvil policial se encontraba circulando con balizas y sirenas encendidas por la calle gral jose gervasio artigas cuando al llegar a la interseccin con av gral mosconi con semaforo cambiando de verde para amarillo un vehculo particular que se encontraba sobre la avenida mencionada se adelanta por lo que colisiona con el mvil en el sector del acompanante producto del hecho el patrullero posee danos en el lateral derecho abarcando ambas puertas vidrio delantero y guardabarros trasero del hecho no hubo terceros lesionados se agregan danos de estacionamiento y accesorios no denunciados anteriormente por razones de serviciono participo ambulancia no concurri policia al lugar del hecho para labrar sumariointercambiaron datos y se retiraron los rodados y sus ocupantes del lugar,concurrente
aa    ,circulando con la camioneta ford ranger por la calle alte brown  con semaforo verde trate de sobrepasar por el lado derecho al automovil fiat siena rozando con la parte trasera caja el guardabarros delantero derecho provocandole una abolladura,comprometida
aa    ,vh aseg circulando por carril lento sobre av pasco a mitad de cuadra un vehiculo que circulaba sobre la misma gira hacia la derecha invadiendo el carril del aseg sin colocar balizas aseg maniobra hacia la derecha para esquivarlo e impacta su parte delantera izquierda optica capot guardabarro paragolpe contra el guardabarro trasero derecho de un tercero que estaba circulando sobre la misma conductor presenta rectificacion en el cuello amigo de conductor aseg tiene golpes en rodilla y hombro sin lesiones en el vh del tercero ni desplazamientos,discutida
aa    ,circulaba por av hiplito yrigoyen al llegar a la interseccion con esteban arce no pude frenar y colisiono conmi frente en la parte trasera del tercero que me antecedia chevrolet celta lcx y este a su vez se desplaza hacia adelante embistendo con su frente en la parte trasera del b que lo antecedia renault logan nkg conductor dolor en cuello y acompananate dolor de espalda del celta indican lesiones no asiste ambulancia y nos dirigimos a la cria alte brown b longchamps en mi rodado y el logan no hubo lesiones dado que viajabamos solos,comprometida
aa    ,redgreenlue circulando por don bosco al frenar imprevistamente el coche de adelante se produjo la colisin a muy baja velocidad con mi frente en su parte posterior ya que hay un baden sin desplazamientos el tercero manifest dolencias y fue trasladado al hospital de escobar el parte medico indico que no presentaba lesiones ampliacion del aseguradod circulando por la calle don bosco se formo una fila de coches debido a una cuneta pronunciada de la interseccion con la calle pellegrini se avanzaba dos o tres metros y se frenaba  y en una oportunidad no llegue a frenar  ahi se produce la colision se baja el senor unico ocupante del vehiculo y me dice que  le parece que le bajo la presion  entonces por las dudas llamo al servico de ambulancia de escobar que es la localida en donde se produce dicha colision llega la ambulacia  defensa civil y la policia se llevan al senor al hospital publico de escobar y a mi me mandan a la comisaria ra de escobar despues de un rato  la oficial pregunta si el senor va a realizar acciones legales o si se va a solucionar con el seguro el senor dice que no va a realizar ninguna accion  entonces la oficial hace un acta en  donde consta esta decision a mi no me dan copia de la misma pero no se retuvieron los coches asi que debo presumir que fue asi por otro lado tuve la posibilidad de que un conocido vio el informe del hospital el cual esta en la comisaria primera en donde dice que no se encontro lesion alguna,comprometida
aa    ,asegurado circulando por av lincoln cuando esta cruzando calle joaquin v gonzalez es colisionado en su lateral delantero derecho por parte delantera de un tercero que circulaba por calle joaquin v gonzalez sin desplazamientos sin lesiones,concurrente
aa    ,me encontraba detenido sobre sarmiento  sentido nortesur cuando abre el semaforo yo arranco pero el vh que tenia adealnte no avanzo por tal motivo yo lo impacte con mi frente en su parte trasera el ro era un remis y presentaba danos previos en la zona del impacto ambas opticas traseras las tenia danadas paragolpe y tapa de baul tenia danos previos no hay otros vh involucrados ni lesiones datos del tercero migues nestor aldo fiat uno fwb  amca,comprometida
aa    ,circulaba por la calle paunero cruzando la calle coronel suarez cuando un auto que circulaba por la ultmima a gran velocidad nos colisiona con la parte delantera en el lateral trasero izquierdo haciendo que nuestro auto gire casi  grados en el mismo eje a causa del impacto el asegurado quien venia de acompanante sufre lesiones en la cervical y la espalda el tercero se negaba a brindar datos y  en base a esto se llama a la polica y ambulancia sin desplazamiento,discutida
aa    ,vh asegurado circulando por parral cuando al llegar a la interseccion con ambrosetti sin semaforo otro vh el tercero colisiona con su parte frontal en el lateral derecho del vh asegurado con interv ambulancia deriva a policilinico central san justo  interv comisaria distrital noroeste de san justo cond del tercero con golpes en cabeza sin desplazamientos,concurrente
aa    ,asegurado circulaba por calle jujuy al llegar a la esquina colisiona con el tercero que venia por calle berro  sin lesiones ni mas terceros involucrados,concurrente
aa    ,asegurado circulando por calle esteban agustin gasconal cruzar la interseccion de calle francisco bieirocuando un tercero que venia por esta ultimase le cruzael aseguirado no llega a frenar y lo colisionacon la parte delantera del aseguradocontra la parte trasera y lateral izquierda del tercerosin desplazamientoscon lesiones del tercero y su acompananteinterviene policia y ambulanciason trasladado al hospital de boulogne para observaciones    d,comprometida
aa    ,circulando por la misma cuando no alcanzo a frenar y colisiono al auto delantero con mi frente en su trasera sin desplazamientos y sin lesionados,comprometida
aa    ,asegurado circulaba por presbitero natta cuando la unidad que se encontraba pordelante suyo frena a causa de otro vehculo de delante que se detuvo repentinamenteante esta situacin el asegurado no llega a frenar e impacta contra la parte traserade la unidad que vena adelante,nan
aa    ,detenido por semaforo sobre ruta  asegurado es colisionado por un tercero en la parte trasera luego lo desplaza hacia adelante por lo cual asegurada es rozado por un colectivo que estaba de mano izquierda tambien detenido a causa del hecho un companero que iba con el asegurado se lastima intervino policia y ambulancia  se labro denuncia policial tel de asegurado  ampliacin aseguradoel estaba detenido sobre onorio luque por semaforo interseccion con ruta  estando totalmente detenidos por el semaforo es colisionado en su parte trasera por un tercero por la fuerza del choque el asegurado se desplaza hacia su izquierda rozando un colectivo que se encontraba detenido a su lado al momento del siniestro se encontraba acompanado por un companero del trabajo martinez nelson quien sufrio lesiones y fue atendido por la ambulancia al igual que la persona que lo choca por detras respecto de la comisaria que interviene refiere que es la unica de laferrere guitierrez y lopez may informa que no fue sometido a test de alcoholemia nos brinda ademas los datos de la persona que lo choca de atrasconductor torres jonathan emanuel   dni   vehculo ford fiesta dominio azw negro  titular torres mario cel compana aseguradora agrosaltahara el reclamo en la compania del tercero por sus danos y por las lesiones de su companero f,discutida
aa    ,vh asegurado estaba detenido en el semaforo cuando se le suelta el embrague y vh asegurado colisiona con su parte frontal en la parte trasera del tercero otro vh que se encontraba detenido delante del asegurado  sin lesiones sin interv policial ni ambulancias,comprometida
aa    ,me encontraba circulando cuando al llegar al peaje fallan mis frenos por lo que embisto al vh e un tercero dwm en su parte trasera con mi parte delantera este a su vez por el desplazamiento impacta al vh de otro tercero ozz en su parte trasera con su parte delantera do tercero soria mendoza diego  sedan toyota equios  ozz   no hubo mas lesionados ni mas terceros datos del tercero corimayo alan emanuel peugeot  dwm  liderar seguros,comprometida
aa    ,vh asegurado circulaba por calle marcos paz cuando colisiona su parte delantera derecha en parte trasera izquierda de un tercero tanto el conductor como el acompanante del vh b presentan dolor de espalda sin desplazamientos,comprometida
aa    ,el aseg circulaba por calle sargento cabral de sur a norte cuando cruza corrientes un ro que venia por corrientes colisiona al aseg en parte delantea izquierda con la parte del derecha del ro sin desplazamientos ni lesiones  ampliacionse amplia con el asegurado dado que de acuerdo al sentido de circulacion de los rodados y denuncia del tercero la mecanica inicial no estaria correctafinalmente  nos confirma el asegurado que circulaba sobre sgto cabral y en la interseccion con calle corrientes impacta con un rodado tercero que circulaba desde la derecha con dos ocupantes,comprometida
aa    ,asegurado circulando sobre calle cristiania interseccin rp gral rojo tercero circulando sobre esta ultima impacta con parte delantera izquierda  en lateral derecho del asegurado sin desplazamiento acompanante del tercero con lesiones derivado al hospital en ambulancia,comprometida
aa    ,en  y  venia atras de un vh cuando arranca yo arranca y me frena repentinamente colisionandolo con mi parte frontal a la parte trasera de un auto que se desplaza hacia adelante y colisiona a otro que estaba delante,comprometida
aa    ,circulando por calle intendente arricau al intentar cruzar la avenida gaspar campos un vehculo que vena por esta daltima desde mi derecha tambien pasa y colisiono con mi frente en la parte delantera izquierda del tercero sin desplazamientos ni lesiones,comprometida
aa    ,venia circulando por la calle roma  y en la interseccion con lacano un vh que venia por esta ultima no lo veo cuando esta cruzando  y lo embisto en el lateral izquierdo con mi parte delantera  sin lesionado  sin desplazamientos ,comprometida
aa    ,vhc asegurado circulando por calle alippi colisiona su parte delantera con la parte trasera de un tercero que circulaba delante sin desplazamientos ni lesiones,comprometida
aa    ,el asegurado circulando sobre dr osvaldo magnasco cuando el auto que venia delante frena por el trafico de alcorta y el asegurado distraido lo colisiona en la parte trasera sin desplazmaientos  con lesiones de espalda de los dos ocupantes del otro vehiculo  no hubo intervencion de ambulancia  ellos concurririan al hospital por sus medios,comprometida
aa    ,circulaba por jose pedro varela cuando el vehiculo de adelante frena de golpe y lo colisiono con la parte delantera ,comprometida
aa    ,el vh aseg circulaba por calle cangallo y en interseccion con av san martin se produce el choque con la parte delantera derecho del vh aseg con la parte del izq del vh tercero el vh aseg se desplaza y termina sobre la vereda el conductor del vh tercero manifestaba dolores de cabeza a causa dle siniestro intervino policia y ambulancia desconoce si lo trasladaron,comprometida
aa    ,el asegurado circulaba por entre rios lentamente por el transito cuando el tercero que circulaba delante frena de golpe el asegurado no puede evitar chocarlo en la parte trasera el tercero manifesto dolor en el cuello se llamo a la ambulancia,comprometida
aa    ,vh aseg circulaba por av  del libertador cuando impacta su parte delantera contra la parte trasera del vh del tercero que circulaba adelante y se detiene de repente sin desplazamientos ni lesionados,comprometida
aa    ,vh aseg estaba detedino en el semaforo cuando abre avanza e impacta su parte delantera contra trasera del vh del tercero que circulaba adelante y se detiene de repente por el transito sin desplazamientos ni lesionados,comprometida
aa    ,arranc el trafico con el cambio de semaforo y volvi a frenar de golpe toque el paragolpe del auto de adelante,comprometida
aa    ,el asegurado iba circulando por rivadavia dobla hacia chile y colisiona a un vehiculo detenido por el transito en parte trasera con la parte delantera sin lesiones ni desplazamientos,comprometida
aa    ,circulando por calle dardo rocha al cruzar la calle lincoln un vehculo que vena por esta daltima desde mi derecha tambien pasa y me colisiona entre las puertas derechas sin desplazamientos mi amiga y yo estamos con dolores cervicales mi amiga tiene danos en la rodilla derecha yo tengo dolor en la muneca izquierda sin intervencin de ambulancia ni polica,concurrente
aa    ,circ por asuncion al cruzar chile un veh me colisiono en puerta trasera derecha me desplazo y quede con el veh sobre la vereda con lesiones la esposa de un amigo que viajaba atras con dos ninosintervino policia y ambulancia traslado que traslado a la mujer y un nino al hospitalcontactamos al asegurado habia formalizado en la cia  tercero por derecha asuncion por la cual transitaba el asegurado de doble mano el tercero lo embiste en el lateral medio y trasero derecho no hay  semaforos el asegurado viajaba con la esposa de un amigo y sus dos hijosla ambulancia traslado a la tercera y sus hijos  policia concurrio al lugar tomo datos no traslado a nadie a la comisaria no les hicieron alcoholemia a los conductores segun el asegurado no se labro causa penal porque ambos conductores se pasaron los datos del seguro y manifestaron que no iban a hacer denuncia por lesiones  desde caja le designaron al estudio geller  para reclamar por sus danos contra agrosalta ,concurrente
aa    ,el vehiculo asegurado circulaba por cristiania al llegar al semafor no frena a tiempo y colisiona con el frente la parte trasera de un vehiculo detenido alli  sin lesiones sin desplazamientos,comprometida
aa    ,aseg circulando dentro de playon de centro comercial ubicado sobre monsenor bufano    colisiona a un tercero con su parte delantera en el lateral izquierdo de este vh sin desplazamientosconductor tercero manifesto dolencia en la cabeza fue asistido por ambulancia del predio no fue trasladado,comprometida
aa    ,aseg circulando por calle las heras y al doblar a la derecha para continuar por calle darraguira y escucha un ruido y un grito se baja y ve la bicicleta tirada en el piso del lado derecho de su auto  la ayuda a levantarse le ofrece llevarla al hispotal pero justo pasaba un patrullero y  llaman ambulancia y la llevan al hospital para hacerle revision ,comprometida
aa    ,el vh asegurado circulaba por calle arce cuando al doblar hacia la izquierda para tomar calle maure se produce la colision con un tercero que circulaba por esta ultima calle no hubo lesionados intercambiamos datos intervino la policia y nos retiramos luego ayer por la tarde me indica que fue al hospital anchorena ya que tenia dolor de cabeza cervicalgiate asegurada  ,comprometida
aa    ,circulando por arribenos calle de doble mano habia vehiculos estacionados en ambas manos cuando un vehiuclo que venia por la mano contraria me da paso maniobro hacia la izquierda y es impactado por una pareja de persona que iba caminando por la calle en lateral delantero derecho  retrovisor  sin lesiones ni desplazamientos ampliacionel asegurado comenta que los dos policias caminaban por la calle arribenos uno al lado del otro de frente a el  y  de civil calle doble mano con autos estacionados en ambas manos  el vehiculo que circulaba de frente le da paso esquiva a los peatones pero el masculino empuja y arranca el espejo retrovisor del lado derecho,concurrente
aa    ,vh aseg circulaba sobre calle ardoino pasa el paso nivel colisiona a un tercero el cual se superpone delante del vh aseg por la izquierda en contramano y frena de repente con su parte delantera del vh aseg en la parte trasera de este luego el conductor de vh tercero se baja de su vh y golpea al vh aseg en su parte delantera  sin lesiones sin desplazamientossin intervencion de movil policial,comprometida
aa    ,asegurado circulaba por av de mayo embisti con frente a la parte trasera de tercero que se detuvo delante por el cruce de calle transversal sin lesiones ni desplazamientos,comprometida
aa    ,circulaba sobre flores al cruzar defilippi el tercero que venia por esta ultima me colisona con su frente en mi lateral derecho sin desplazamientos ni lesionados,concurrente
aa    ,circulando por rosario al llegar a la interseccion con av la plata giro a la derecha y un senor que intentaba cruzar se detiene yo retomo la marcha y el vuelve avanzar sin poder evitar impactarlo ,comprometida
aa    ,redgreenlue vh asegurado circulando por avda cramer es colisionado en su lateral derecho por un tercero en moto  personas con casco se retiran por sus propios medios,comprometida
aa    ,vehculo asegurado cirulaba por av  san martin impacta con su parte delantera en la parte trasera de un tercero que circulaba adelante y gir sin senalizar para tomar calle tucuman sin desplazamientos el conductor del vehculo tercero manifest dolor de cabeza  sin int medica  sin int policial  amplio con el aseguradocomenta que ambos circulaban por av san martin desde quilmes hacia el arco de calzada iba a bastante velocidad y en una interseccion el tercero ford focus dobla hacia tucuman pero pese a frenar  el asegurado derrapa e impacta al tercero en el paragolpes trasero a causa del golpe como doblaba cerrado el tercero impacta con su frente contra un poste no intervino personal policial ni ambulancia no hubo mas terceros tanto el asegurado como tercero circulaba  solos   el asegurado manifesto que el tercero estaba distraido que le dijo que le dolic un poco la cabeza  pero que estas cosas suelen pasar intercambiaron los datos y se retiraron formalizo en cia me pasa  el numero del tercero por wp ,comprometida
aa    ,aseg circulaba sobre calle bragado al cruzar cosquin fue colisionado en su parte delantera derecha por el lateral izquierdo de un tercero que circulaba sobre la daltima el tercero presenta dolor de cabeza producto del impacto  sin desplazamientos intervino same   intervino policia derivo al hospital santojiani,comprometida
aa    ,vh asegurado circulando por av juan b justo cuando dobla a av san martin impacta a un tercero en moto en su lateral izquierdo con el lateral derecho trasero del mismo sin desplazamientos el conductor se cae al pavimento y luego se retira por sus propios medios,comprometida
aa    ,circulando por calle esquida al llegar a la interseccin con calle albarinos ingreso a esta daltima en contramano para retomar la calle juan b justo ya que la calle anterior aguilar estaba cortada al llegar a juan bjusto quiero doblar hacia la izquierda para tomar esta daltima y en ese entonces un tercero que circulaba por juan bjusto tambien pas y colisionamos mi parte derecha con el frente del tercero,comprometida
aa    ,vh asegurado circulando por ruta  cuando colisiona con su parte delantera en la parte trasera de un tercero que circulaba delante del mismo producto del desplazamiento el tercero colisiona con su parte delantera en la parte trasera de otro tercero que circulaba delante del mismo y se dio a la fuga sin lesionados,comprometida
aa    ,vh circulando por au panamericana au se llena de agua asegurado pierde el control hace trompos colisiona son guardarrail y posible colision con vh tercero que colisiona tambien con guardarrail   aseg desconoce como ocurri la  colision lesionado ero  corte en frente es trasladado en ambulancia,comprometida
aa    ,vehculo asegurado circulaba por dr salvador sallares al cruzar interseccin con av gral san martin  se detiene al ver un vehculo circulando sobre la daltima pero se desliza a raz de la lluvia y se produce el impacto de su parte delantera derecha en la parte delantera izquierda del tercero sin desplazamientos el tercero manifestaba dolores cervicales sin intervension policila ni de ambulancia el tercero manifest dolor de cervical sin int medica  ni policial,comprometida
aa    ,circulaba por av hipolito yrigoyen voy a girar hacia espana cuando el tercero que venia por la misma avenida por el sentido contrario no me vio y el tercero me colisiono en la rueda de auxiliointervino ambulancia pero no llevo al tercero a ningun lado porque este no tenia lesiones aparentesmi unidad no fue retenida,discutida
aa    ,asegurado circulando sobre gral belgrano colisiona su extremo delantero izquierdo al extremo delantero derecho de un tercero circulando por colectorasin lesionessin desplazamientos,comprometida
aa    ,circulaba sobre calle acassuso al llegar a la interseccin con canada de gomez un vehiculo que venia por la derecha frena y me da el paso cuando estoy cruzando otro vehiculo  peugeot  patente sag se adelanta por detras de otro vehiculo acelera y me colisiona en el lateral trasero derecho por el impacto la hija del asegurado resulta con lesiones cervicales el tercero dijo que staba pro estacionar pero se da  al fuga ademas el vh posee dano de estacionamiento en lateral izquierdo,concurrente
aa    ,vh asegurado se encontraba circulando el asegurado por av directoriovh del tercero por av directorioasegurado iba circulando por el carril del centro cuando otro vehiculo del lado derecho encierra al asegurado y asegurado maniobrando roza contra el vehiculo del tercero vehiculo asegurado roza con su parte delantera izquierda causando danos en lateral derecho sin lesionados  sin intervencion de ambulancia  sin intervencion policial  sin desplazamiento,comprometida
aa    ,el vh aseg circulaba por calle peri entre san martin y cerrito l mirador  el tercero que estaba delante frena y el aseg lo choca en parte trasera con su parte delantera sin lesiones sin despl,comprometida
aa    ,vh aseg circulando sobre calle virgilioal llegar a interseccioncolisiona con el paragolpe delantero a el lateral delantero izquierdo del terceroque circulaba sobre calle mcervantessin desplazamientossin lesiones,comprometida
aa    ,el aseg circulaba por calle conde al llegar a la interseccion calle ugarte el aseg al ver que no venia nadie cruza y cuando esta cruzando un ro que venia por ugarte colisiona al aseg en el lateral derecho parte delantera con parte delantera del ro  el aseg fue trasladado por ambulancia la mujer que manejaba el vh ro tambien fue trasladada intervino policia y ambulancia,comprometida
aa    ,circulaba por la calle rosario vera penaloza cuando el vehiculo que circula delante mio detiene su marcha en forma abrupta y lo colisiono,comprometida
aa    ,me encontraba circulando a baja velocidad cuando de repente el vh de un tercero frena de golpe por lo que lo embisto en su parte trasera con mi parte delantera no hubo lesionados ni mas terceros datos del tercero comas juan marcelo chevrolet corsa ola  orbis,comprometida
aa    ,vhc asegurado circulando por au perito moreno tras cruzar zuviria es embestido en su lateral izquierdo con la parte delantera de un tercero que circulaba por esta ultima calle mencionada acompanante del asegurado amiga tuvo corte facial intervino ambulancia y policia fue trasladado a hospital a hospital pineiro sin desplazamientos,concurrente
aa    ,el vehiculo asegurado circulaba sobre calle puerto de palos cuando en la interseccion con calle suarez fue colisionado en su lateral delantero izquierdo por parte delantera de un tercero que circulaba sobre la ultima a raiz de esto el asegurado fue desplazado colisionando con persiana de local el tercero fue trasladado al htal argerich,discutida
aa    ,asegurado circulando por autopista es embestido en la parte trasera derecha por un tercero que circulaba en mismo sentido  con la parte delantera  asiste autopista y ambulancia el tercero se desplaza y embiste contra un divisor de cemento y habria sufrido lesiones  ampliacin aseguradoel venia circulando por acceso oeste a la altura del km  salida a la reja se encontraba circulando en modo crucero a una velocidad de km por hora aproximadamente cuando desactiva el modo crucero ya que a  mts la calzada se reducia por obras cuando reduce la velocidad es cuando siente el impacto en su parte trasera derecha no realizo ningun movimiento ni cambio de carril luego del siniestro llamo al  no recuerda que comisaria es la que interviene solo sabe que es policia de la provincia por los colores de la camioneta adicional a esto interviene vialidad y una ambulancia que pasaba por la zona al momento del siniestro y el la detiene para que atiendan al tercero quien no tenia lesiones de gravedad solo los dolores del golpe ni la policia ni vialidad ni la ambulancia le realizaron test de alcoholemia por ninguna via la policia le tomo sus datos y los del tercero pero no lo trasladaron a la comisaria a ninguno de los dos conductores ,discutida
aa    ,vh asegurado circulaba por calle  de agosto cuando colisiona su parte delantera en parte trasera de un tercero que frena sobre la mismasin lesiones ni desplazamientos,comprometida
aa    ,asegurada circulando sobre av cnel larrazabal cuando al llegar al cruce de colectora au dellepiane norte   es colisionada por un tercero que circulaba sobre esta ultima y que impacta con parte delantera en la parte delantera derecha aseg  sin desplazamientos sin lesiones d,nan
aa    ,aseg circulando y en una interseccin desde la derecha pasa un b y el aseg lo  coliciona danandole  la parte trasera  derecha   con el frente del vehi aseg  sin mas vhs,comprometida
aa    ,la asegurada circulaba miguel cane y al llegar a la interseccin con la calle  de septiembre impacta con su parte delantera en  la puerta delantera izquierda de un chevrolet corsa que transitaba por la calle  de septiembre uno de los acompanantes en el chevrolet corsa result con un corte en la frente no hubo intervencin de la ambulancia,comprometida
aa    ,aseg circulando por argerich cuando un tercero que circulaba delante de el frena por transito y el vhl aseg no llega a frenar y lo impacta con su parte delantera la aprte trasera del tercero sin lesiones,comprometida
aa    ,circulando mosconi el auto del tercero frena y el asegurado no puede frenar y lo embiste en parte trasera sin desplamientos ni lesiones,comprometida
aa    ,salgo del estacionamiento circulando muy despacio por billingurst habia una kangoo adelante que no me permitia ver bien inevitablemente la colisiono con mi parte delantera en su parte trasera no hubo mas lesionados ni terceros involucrados que los detallados datos del tercero misme palomino jorge renault kangoo adwi  sancor seguros,comprometida
aa    ,mecanica del hecho segun version asegurado  circulando por calle ciudad de la paz el vehiculo de adelante frena yo llego a frenar pero igual lo toco con mi parte delantera en su parte trasera sin lesionados ni otros terceros involucrasmecanica del hecho segun tercero  circulando por ciudad de la paz freno por contingencias del transito y un vehivulo me impacta desde atras ,comprometida
aa    ,asegurado circulando por calle canelones colisiona el frente al lateral derecho trasero de un tercero que circulaba por puente del inca sin desplazamientos ni lesionados,concurrente
aa    ,asegurado circulaba au  de mayo cuando se cruza un tercero que habia perdido el control colisionando contra el guardarrail este se desplaza y colisiona al asegurado en la parte delantera derecha con la parte lateral izquierda el tercero expone que fue tocado de atras por lo que perdio el control el conductor del vehiculo tercero sufrio lesiones dolor en hombro cortes en las manos fue trasladado por el same al hospital ramos mejia el diagnostico fue fractura de hombro  dolor en cuello y columna el asegurado indica que sufrio mareos y dolores de cabeza hubo intervencion policial,discutida
aa    ,mecanica del hecho segun version asegurado  el  vehiculo gol trend asegurado no llega a frenar colisionando con el ford fiesta patente abuc quien a su vez impacta con un vw suran patente kozd mecanica del hecho segun tercero  denuncia dominio koz choque en cadena sobre av gral paz asegurado en segundo lugar el choque lo produce el que venia detras de todos dominio mju,comprometida
aa    ,circulando por betinotti al estar terminando de cruzar la yerra el tercero que venia por esta me colisiona con su frente en mi lateral trasero derecho sin desp ni les,concurrente
aa    ,asegurado inicia la marcha luego del semaforo cuando embiste con parte delantera del aseg en parte trasera del tercero el tercero menciona un latigazo cervical  sin desplazamiento golpe muy leve,comprometida
aa    ,aseg circulando por av warnes el tercero circulando por calle thamesal llegar a la interseccion colisionan ambos con su parte frontal a causa de esta colision nuestro vh impacta contra un masetero con su parte frontal y danando varias partes del vh sin lesionados se traslada al tercero al hospital por dolores en torax por air bagampliaciondsa el accidente ocurrio a las     aprox de la manana del viernes  yo iba por la avenida warnes para el lado de scalabrini ortiz y en thames se me cruzo un taxi producto del choque termino con el auto incrustado en unos maceteros que estan en la estacion de servicio yo pierdo el conocimiento y no me acuerdo que sucedio una vez que me despierto estaba la ambulancia y la policia me lleva la ambulancia al hospital durand y me realiza una tomografia de cerebro por el fuerte golpe en la cabeza y despues llaman a la art para que siga mi atencion hospitalaria porque yo me dirigia de mi casa al trabajo en malabia  entro a las  amla comisaria que  intervino es la b mis lesiones fueron el golpe en la cabeza y despues raspones en las rodillas y un moreton en el codo izquierdo y en la cadera en la parte izquierda no hubo control de alcoholemia los datos del ero julio cesar rodriguez rivero dni  celular   d fiat siena dominio abxk seguro amca orbis,discutida
aa    ,asegurado circulando sobre murgiondo colisiona la parte trasera de un tercero delante el cual se detiene sin lesiones sin desplazamientos,comprometida
aa    ,circulando por roca ahora kirchner con luz verde cuanod un vh de un b que venia por la interseccion pendas desde la derecha no llega a frenar al ponerse su semaforo en rojo por lo que me embiste en mi parte lateral dealntera derecha el conductor de la moto se cae al piso por lo que le ofreci llamar a emergencia pero no quizo solo pasamos datos y se retiro por sus medios sin manifestar lesiones aparentes no hubo mas gterceros involucrados ni lesionados datos del tercero cormillot ruben alexander honda nf jxi  atm,concurrente
aa    ,asegirado circulando por av wenceslao de tata cuando en la interseccion con calle potosi  impacta con su parte delantera derecha y lateral delantero derecho  en lateral trasero izquierdo de un tercero que circulaba por calle potosi y cruza av a alta velocidad producto del impacto el tercero vuelca sobre la calzada  intervino policia y ambulancia conductor y acompanante del b con lesiones fueron trasladadas  a hospital carrillo asegurado con fractura mano y lesiones vh retenidos el asegurado ya fue retirado sin desplazamientos ampliaciond ampliaron brevemente el hecho informaron que no existio extraccion sanguinea ni otro tipo de test de alcoholemia declara el conductor asegurado que circulaba por calle w de tata cuando en la interseccion con calle potosi impacta con su parte frontal en el lateral trasero izquierdo de un vehiculo tercero que circulaba por potosi y no llego a detenerse a tiempo ambos terceros femenino y masculino los cuales salieron por sus medios del rodado fueron derivados al htal bocalandroel masculino sufrio doble fractura del dedo menique de la mano izquierda contusion en la frente y dolores cervicales fueron dados de alta horas mas tardes quedando pendiente intervencion quirurgica por el dedod,concurrente
aa    ,asegurado toca el paragolpe trasero del tercero que lo precede y frena sin lesionados,comprometida
aa    ,circulaba por la general paz cuando un rodado que me sobrepasa por la izquierda detiene su marcha bruscamente por lo cual al intentar evitar la colsion volanteo a la izquierda y accidentalente lo colisiono con mi frente en su sector trasero no no hubo otros terceros involucrados ni lesionados no hubo otros terceros involucrados ni lesionados datos del tercero kessler sebastian ezequiel fiat adre  federacion patronal ampliacion aseguradoatento a que nos ingresa reclamo del tercero llamamos a la conductora asegurada para ampliar la mecanicarelata que circulaban por gral paz el transito estaba muy cargado los vehiculos se sobrepasaban cuando repentinamente una camioneta frena repentinamente y no puede evitar impactarla con su frente la parte trasera del mismo pese a haber volanteado hacia la izquierdaasimismo confirma que circulaban dos jovenes en la fiorino que no tenian lesiones y que se bajaron para preguntarle como estaban los hijos de ella ya que uno llorabaen el momento no interviene personal policial ni ambulancia se intercambian datos y cada uno se retira por sus mediosposteriormente el tercero llamo a la conductora asegurado para ver como estaban los hijos le comento que quiza se harian ver porque sentian unos dolores pero nada grave,comprometida
aa    ,vh aseg circulando en direccion de referencia cuando al llegar a la interseccion de delfor es embestida en su lateral derecho con la parte delantera de ro producto del impacto el vh aserg se desplaza hacia la vereda y sube y choca parte delantera contra un arbol hija de conductora con dolencias en la cabezatambien lesionado el tercero mareos y dolor de cabezainterviene policia ambulancia y bomberos te asegurado  conducia susana ,comprometida
aa    ,mecanica del hecho segun version asegurado  circulaba por av gaspar campos sentido sur norte cuando vamos a doblar a la izquierda en tupacamaru ahi siento el impacto del tercero moto en la moldura de la rueda trasera de mi coche tercero y acompanante no presentaron lesiones aparentes no intervino ambulancia ni policiad ampliacion  hablo con la asegurada me informa que al girar es impactada por una moto el motociclista y su acompanante cayeron pero no le vio ninguna lesion grave en el momento no intervino ambulancia ni policia  asegurada formalizo en sucursal san miguel donde le sacaron fotos de los danos y de la documentacionmecanica del hecho segun tercero  circulaba junto a su novia por av gaspar campos cuando el asegurado lo encierra al girar hacia la izquierdad,comprometida
aa    ,circulando por william morris el auto del tercero que venia por saladillo se incorpora a william morris  y  no frena y lo choca en parte delantera derecha sin desplazamientos ni lesionesampliacionse amplia con el asegurado dado que la parte tercera denuncia la misma mecanica pero con los roles invertidos el asegurado no manifesto ninguna sorpresa me dice que su cunado manejaba y no accede a pasar sus datosasimismo manifesto que tenia intenciones de recamar a la otra parte pero no le respondenpresenta documental correspondiente y no da mas detalles ni pruebas que confirmen la version de su cunado,concurrente
aa    ,mecanica del hecho segun version asegurado  asegurado circulaba por calle el churrinche cuando al cruzar rep argentina colisiona con la parte delantera y delantera izquierda a la parte lateral trasera derecha de un tercero que circulaba por rep argentina se hizo presente el same y policia por nervios de acompanante del vehiculo tercero no le diagnosticaron lesiones no hubo desplazamientosd ampliacion  hablo con la asegurada me informa que al cruzar la av roza a un vehiculo que estaba terminando de cruzar que circulaba desde la izquierda lo impacta a la altura de la puerta trasera en el momento intervino policia no les realizo control de alcoholemia intervino ambulancia que atendio en el lugar a la acompanante del tercero pero no traslado a nadied,concurrente
aa    ,aseg circulando sobre av hipolito yrigoyen frene pero lo impacte al tercero que frena por transito sobre la misma con la parte delantera en la parte trasera sin despl tercero remis con dos pasajeras con dolores las lleva al hospital lavallol sin intervencion de policia ni ambulancia,comprometida
aa    ,avanzando en el semaforollegando al cruce del peatn el auto que se encontraba adelante frena de golpe colapsando mi parte delantera con la del otro vehiculo no hubo otros eros involucrados la novia del asegurado sufrio lesiones en el ojo derecho corte arriba del parpado datos del tercero maria de lourdes racia chevrolet kzc  zurich,comprometida
aa    ,venia por  hacia  antes de llegar a  se me cruza una persona al querer esquivarlo volanteo realizo una mala maniobra y y choco un auto chevrolet corsa que estaba estacionado en  entre  y  al chocar el auto este le pega a una moto yamaha que estaba detras y rompe el paragolpe trasero,comprometida
aa    ,el asegurado circulaba sobre au panamericana impacta a un tercero que circulaba sobre la misma baja la velocidad  en la parte trasera con su parte delantera sin desplazamientos   dentro del tercero el acompanante con dolor de cuello  al momento de la llamada la ambulancia se encuentra en el lugar  no intervino policia  intervino autopista del sol,comprometida
aa    ,el vehiculo asegurado circulaba por pje fernandezsiendo embestido por un tercero de la mano derechacon el frente derecho a lateral trasero derechoasegurado es desplazado haciendo un trompo embistiendo a un arbol con parte traserasin mas involucradoslesionados tercero y aseguradoun patrullero que pasaba no se involucratrasladandose en vh del papa de la tercera al hosp thompson de san martintercero con golpes en codo derecho y rodilla derecha ya tenia operadaaseurado latigazo y hombro izquierdote asegurado    ,concurrente
aa    ,asegurado circulando por calle martin castro cuando maniobra para girar a la izquierda en av rivadavia es colisionado en su lateral delantero izquierdo por lateral trasero derecho  de un tercero que circulaba por av rivadavia mano a capital federal  luego del impacto el asegurado es colisionado en el lateral izquierdo por parte delantera de otro tercero que circulaba sobre av rivadavia intervino policia y ambulancia conductor y acompanante de  tercero y conductor del otro tercero fueron trasladados a centro medico por ambulancia vh fue retenido en cria,comprometida
aa    ,venia por av del libertador cuando veo que habia un auto detenido por el semaforo  en ese momento freno pero como llovia mi auto patino  siguio de largo y no pude evitar embestir al tercero en su parte trasera con mi parte delanterael tercero iba solo como bajo un poco mareado  lo acompane al hospital de san isidro,comprometida
aa    ,asegurado circulaba por la avenida balbin en la interseccion con calle uriarte gira hacia la izquierda con semaforo verde cuando un tercero que circulaba por la avenida en direccion contraria lo embiste con la parte delantera derecha en su lateral derecho el vehiculo asegurado se desplaza subiendo a la vereda e impactando con la parte trasera derecha contra un poste de luz el asegurado su hijo y un ocupante del tercero sufren lesiones y son trasladados en ambulancia hasta el hospital larcade interviene personal policial los cuales retienen los vehculos en la comisaria,concurrente
aa    ,mecanica del hecho segun version asegurado  me dirigia por la calle aquino de norte a sur cuando llego a olivera choco al vehiculo que estaba delante mio en su parte trasera mecanica del hecho segun tercero denuncia  circulaba por aquino freno al llegar a olivera por el transito y soy embestido de atras por el tercero que no frenod  ,comprometida
aa    ,mecanica del hecho segun version asegurado  vehiculo asegurado circulando en el carril rapido por aut panamericana a la altura de campana teniendo mucho trafico los vehiculos van frenando un tercero corolla que circulaba a su derecha pone el guino para cambiar el carril a la derecha y termina ingresando a su izquierda delante del vehiculo asegurado en una maniobra muy brusca delante de ese tercero en carril rapido otro tercero frena y se produce el choque entre esos dos terceros asegurado trata de esquivarlo y embiste con su parte frontal a la parte trasera derecha del tercero corolla que se le mete delante resultan lesionados los dos acompanantes del vehiculo asegurado una con una lesion en una muneca y el otro con dolor en el cuello y una acompanante del tercero corolla con dolor en el cuello no interviene policia ni ambulancia por la cantidad de trafico luego del intercambio de datos cada uno se retira por sus propios medios sin desplazamientosd ampliacion  me llama la asegurada me explica que el corolla realiza la maniobra cambiando de carril se acomoda delante de ella y unos segundos despues el corolla no llega a frenar y embiste a una camioneta que tenida delante la asegurad por esto intenta frenar y esquivar al corolla pero no logra evitar impactarlo con su parte delantera derechaen el momento no intervino ambulancia ni policia de la camioneta no tiene datos desconoce si habia lesionados en cuando al corolla iba el conductor con su mujer quien se desmayo en el lugar pero rapidamente reacciono me pasara los datos dsa en el vehiculo asegurado iban dos acompanantes que sufrieron lesiones  d,comprometida
aa    ,mecanica del hecho segun version asegurado  circulaba por la ruta provincial  cuando estoy llegando a la calle algarrobo verifico que un auto que venia por esta ultima arranca y se queda parada en el medio de la ruta yo ante esta situacion hago una maniobra y freno pero la camioneta derrapa y embisto al ero en su parte trasera izquierda con mi parte delantera izquierda el ero iba con  acompanantes uno de ellos fue trasladado en ambulancia hacia el hospital el asegurado sufrio lesiones cervicalesd ampliacion   llamo al asegurado me informa que el circulaba por la ruta  en la interseccion con algarrobo un vehiculo que estaba cruzando la interseccion se queda detenido porque se le cruza un camion que circulaba por la calle del asegurado pero mano contraria el asegurado intenta frenar pero derrapa embistiendo al vehiculo tercero en el lateral izquierdo casi a la altura del paragolpes trasero en el vehiculo tercero iban  mujeres tres de ellas fueron trasladadas al hospital tanto la conductora del vehiculo tercero como el asegurado fueron trasladados a la comisaria alli le tomaron los datos no les realizaron control de alcoholemiael asegurado no tiene mas datos de las terceras pero tiene la notificacion de la comisaria donde les tomaron todos los dato,discutida
aa    ,circulaba por la calle carlos gardel al llegar a la ruta  ex  me da paso un automvil marca ford falcon y al entrar a la ruta lo tocon con el lateral de mi automvil y perdiendo el control de mi auto y termino envistiendo en la trompa una camioneta que se encontraba atras del auto mencionado   d,sin responsabilidad
aa    ,un vh delante frena y no puedo evitar impactarlo con mi parte delantera en al parte trasera del tercero por el impacto mi vh se desplaza hacia delante impactando su parte delantera en la parte trasera de un b tercero conductor y acompanante b tercero sufrieron policontusion en estudio acompanante pareja masculino  lucas cebey policontusion b tercero sin datos y desconozco danos se realizaron los estudios en centro de traumatolgia  san isidro no hubo otro vh involucrado ni lesionados datos del tercero gaeiro camila maria eugenia renault clio fno  mercantil andina,comprometida
aa    ,vena por la calle diaz velez  llegando a la calle rafaela  tena  camin  delante que cruzan esta calle  estaba el semaforo en rojo y en diagonal a la izquierda hay un semaforo yo pense q ese semaforo es un giro  se pone en verde el giro y paso el camin q me obstrua el paso viniendo un peugeot de frente n yo freno no me vio y lo envesti ,comprometida
aa    ,circulando sobre av cno gral belgrano por mano contraria viene un tercero que choca con un animal caballo y este vehiculo termina embistiendome en mi parte delantera,discutida
aa    ,circulando por melian cuando al estar superando la interseccion con calle los andes un vh de un b bicicleta que venia por esta ultima desde la izquierda sigue su marcha sin verme por lo que al no poder ezquivarlo lo impacto con mi parte delantera el conductor se cae al piso por lo que llame al same y a la policia lo trasladaron al trauma el cual lo atendio y esta en condiciones pasamos datos y me retire a hacer la denuncia por posibles lesiones en la comisaria no hubo mas terceros ninvolucrados ni lesionados datos del tercero cardozo matias miguel jesus ,comprometida
aa    ,circulaba por ingeniero  white  esquina gardel y adelante  me frena de golpe una camioneta honda no me da tiempo de frenar y   lo choco  iban dos personas ,comprometida
aa    ,asegurado circulaba por calle nahuel huapi al cruzar ruta  av otero cuando es colisionado en la parte lateral izquierda con la parte delantera de un tercero que circulaba por la ultima calle mencionada aparentemente a alta velocidad sin lesiones ni desplazamientos,comprometida
aa    ,vehiculo asegurado circulando por hipoilito irigoyen esquina lucena  lomas de zamora tercero que circulaba por delante del asegurado frena de golpe sin previo aviso asegurado no llega a reducir velocir velocidad y colisiona con su parte frontal en parte trasera del tercero a raz de este impacto otro tercero que circulaba por detras del asegurado colisiona con su parte frontal en parte trasera del asegurado sin desplazamientos sin lesionados sin control policial sin otro dano o faltante,comprometida
aa    ,venia por la ruta  eva peron al llegar a la interseccin un vehculo frena de golpe encontrandome con la distancia prudencial  no alcanzo  a frenar a tiempo por lo que colision la parte trasera de este,comprometida
aa    ,circulaba por av juan b justo estaba lloviendo el vh tercero que estaba delante mio estaba detenido por el semaforo tuve un problema con los frenos y lo embesti en su parte trasera izquierda con mi parte delantera no hay otros terceros involucrados ni lesionados datos del tercero fernandez leandro matias vw gol trend lke   seguros,comprometida
aa    ,circulaba por ruta  y no freno y colisiono un vehiculo delante mio,comprometida
aa    ,aseg circulaba por calle rio de janeiro cuando un palio  que circulaba delante colisiona y queda detenido  aseg no llega a frenar y colisiona con la parte delantera a la parte trasera del  palio  luego el aseg es colisionado en la parte trasera por la parte delantera de una suran que circulaba detras  no hubo lesionados  ,comprometida
aa    ,el vehiculo asegurado circulaba por colectora sur y al cruzar la ruta  es colisionado en su lateral derecho por el frente del tercero que circulaba por esta ultima por el impacto el vehiculo asegurado golpea su lateral izquierdo con el cordon y vuelca el asegurado y la conductora del otro vehiculo sufren golpes por el impacto y son trasladados por ambulancia al htal de moreno sin mas desplazamientos,concurrente
aa    ,me diriga por la calle centenera me detengo en el semaforo al doblar en la avenida asamblea a la izquierda me embiste un auto de atras que venia a gran velocidad ,discutida
aa    ,circulando por la avenida san martin tercero por la misma avenida delante del asegurado cuando este se dispone a girar cuando aseg lo colisiona con frente en parte trasera del tercero sin lesionados ni desplazamientos a otras unidades,comprometida
aa    ,redgreenlue vh aseg circulando por calle jorge luis borges cuando al llegar a la interseccion con calle santa teresa un tercero que circulaba por esta ultima mencionada de derecha hacia la izquierda se le atraviesa y el aseg no logra detener la marcha produciendo asi el impacto de su parte delantera en el lateral trasero izquierdo del tercero sin personas lesionadas ni desplazamientosmecanica segdan tercero  iba circulando por la calle santa teresa al  y en intercesion de la calle jose luis borges al  fuienvestido en paragolpe rueda y guardabarros del lado izquierdo danos a mi auto chapa y pintura,comprometida
aa    ,circulando por calle battle y ordonez y al llegar a la int con santa isabel un tercero que circula por esta ultima a mi derecha me embiste con su frente en mi lateral derechopuerta parante guardabarro delantero derecho  del asegurado acompanante del asegurado resulto con golpe en rodilla no hubo presencia de policia ni ambulancia en el lugar sin desplazamientosd,concurrente
aa    ,asegurado circulabapor salta y en la interseccion con  de noviembre colisiona con tercero que circulaba por esta ultima desde la derecha resultan tres personas del otro vehiculo lesionadas y la sra del asegurado interviene policia y ambulancia,concurrente
aa    ,circulando por la plata al doblar a la izquierda para ingresar a storni colisiono con mi parte delantera derecha en el lateral izquierdo del tercero que venia por esta ultima sin desp ni les,comprometida
aa    ,estabamos parados esperando que se ponga en verde el semafoto de av asamblea y cuando arrancamos me llevo puesto el auto que estaba adelante ya que circulo mas despacio,comprometida
aa    ,redgreenlue circulaba por virrey cisneros hacia bermejo llegando a la esquina el vehiculo de adelante frena bruscamente sin darme tiempo a que yo frene y choco con mi trompa su parte tracera   ampliacionel dia  a las  hs aprox  yendo hacia la localidad de san justo hacia la farmacia en direccion de casanova hacia san justo por la calle virrey cisneros y al llegar a la esquina de bermejo el auto de adelante freno de golpe y por la lluvia y ya estaba de noche no me dio tiempo a frenar y lo choqued iba ella sola en el autose dirigia desde el domicilio en isidro casanova hacia la farmacia en san justono intervino ninguna comisaria no hubo lesionespasa datos del tercero y la documental okjose german conocchiella  d ,comprometida
aa    ,asegurado circulando por av eva peron embiste con la parte delantera a un tercero en la parte trasera que estaba detenido por semaforo sin lesionados no informa desplazamientos ,comprometida
aa    ,aseg circulando sobre ruta  colisiona con un tercero que circulaba sobre la misma ruta cuando este frena de forma abrupta por un vh que habia realizado maniobra para doblar hacia calle abrian a la izquierda giro a la izquierda no permitido asegurado impacta con su parte delantera sobre la parte trasera del tercero y a su vez nuestro asegurado es colisionado en su lateral trasero derecho con el lateral delantero izquierdo del vh que venia detras dandose este a  la fuga sin lesiones,comprometida
aa    ,veniamos sobre la calle santa rosa yendo para rivadavia y una suran azul patente plo freno de golpe detaras de ella venia un vw fox patende fzp  y yo por detras todos colicionamos debido al pavimento humedo solo toque el paragolpes de la fox provocando dano en el mismo,comprometida
aa    ,estando mi camioneta patente aatz en la subida del garage como para ingresar se detiene un ford fiesta patente kqnal subirme aprieto el embriague al estar en una pendiente y considerando que no estaba tan cerca se fue para atras causando abolladura en la puerta trasera izquierda y al estar bajando del vehiculo se le apreto la pierna con la puerta del conductor,comprometida
aa    ,vh asegurado se encontraba circulando por ruta  vh tercero vena por la misma ruta en el mismo sentido el vh tercero vena delante del asegurado frena de golpe porque se le cruza un auto por delante el asegurado frena pero no llega a hacerlo completamente e impacta con su parte delantera en la parte trasera del tercero el conductor del otro vh se quej de un dolor en un dedo de una mano el conductor del asegurado sufri golpes en la cabeza y el latigazo por el choque sin desplazamiento,comprometida
aa    ,asegurado circulando por calle aristbulo del valle en la interseccin con vera embiste con la parte delantera derecha a un tercero en la parte lateral trasera izquierda sin desplazamientos un acompanante pasajero del vehculo tercero sufri lesiones no intervino polica ni ambulancia sl ampliacionnonefd hola el siniestro fue en aristobulo del valle y vera yo venia por aristobulo al llegar a la esquina freno y paso un lomo de  burro en  y al no ver nadie que venia me dispongo a cruzar en ese momento diviso el clio que quiere pasar por delante desde vera y no llego a frenar impactandolo en la puerta de atras del conductor donde viajaba una senora que tuvo un golpecito en el hombro se le ofrecio llamar a la ambulancia y no quiso tomando rumbo en otro remis de la misma empresa el conductor del auto no tuvo ninguna lesion y yo tampoco soy la pareja de amira el baba e iba conduciendo n o intervino la policia ni me realizaron un control de alcoholemia de la senora no tengo datos no se quiso quedar ,comprometida
aa    ,frenada imprevista del vehculo que me precede ,comprometida
aa    ,el choque fue en av san martin y empedrado salimos del semaforo y se paro de golpe adelante,comprometida
aa    ,conductor asegurado por av independencia cuando un tercero a su izquierda se cruza de carril colisionando en parte delantera izquierda cuando se va a detener lo vuelve a colisionar en el frente  sin lesionados y desplazamientos denuncia segun tercero  circulaba por mi carril y el vehiculo del tercero me choco en mi parte trasera derecha me provoc un semitrompo y vuelve a chocarme en mi lateral derecho recib atencin medica por mis propios medios danos guardabarro trasero farol trasero tapa de baul trasera puertas laterales derechas  tercero fiat siena sedan  fire aa modelo  patente mbu cond jose jonas velasco mejia velasco   dni cel  asegurado pulido velasco edicson edir compania   ,concurrente
aa    ,detenida en la calle kant para doblar a pasco espero que corte el semaforo en pasco  cuando se pone en rojo cruzo y la camioneta cruza en rojo y me emiste en el lateral izquierdo aseg con lesionesvarios cortes que le realizaron puntos acompanante tambien fueron trasladado al hospital,concurrente
aa    ,mecanica del hecho segdan version asegurado asegurado circulando por ianone y vehiculo tercero que viene por alvear ambas colisionan en la esquina con la parte delantera derecha con la parte izquierda lateral y frente del vehiculo tercero sin desplazamiento tercero conductor del otro vehiculo con lesion en la boca interviene policia y ambulanciad ampliacion llamo a la asegurada ella circulaba por la calle ianone y al llegar a la interseccion con alvear embiste con su frente a un vehiculo que circulaba a alta velocidad desde la derecha el vehiculo termina impactando con un arbol en el momento intervino ambulancia que traslado a la tercera al hospital quien luego se hizo presente en la comisaria intervino policia no les realizaron control de alcoholemiadsa al consultarle a la asegurada informa que no hay senalizacion ni semaforod,comprometida
aa    ,circulaba por avenida liniers y al llegar a la rotonda del acceso ramal tigre no vi el auto frenado por lo que lo choco de atras aclaro que estaba lloviendo por lo que la visin estaba reducida,comprometida
aa    ,aseguraco circulando sobre calle ricchieri habia un colectivo detenido no al costado de la vereda  del cual se baja  al asfalto una persona por la puerta trasera y se lleva por delante el lateral izquierdo del cliente  no cae al piso intervino policia y ambulancia  derivada a htal hurlingham donde tras examenes no detectaron lesiones,nan
aa    ,asegurado por ohiggins no alcanza a frenar y colisiona la parte trasera del tercero que circulaba adelante acompanante del asegurado con mareos sin tercero otros lesionados sin desplazamiento y sin intervencion policial,comprometida
aa    ,el tercero circulando por av triunvirato cuando nuestro conductor cruza  el tercero lo  colisiona en lateral izquierda delantero con su lateral derecho sin desplazamientosd,discutida
aa    ,asegurado circulando sobre aut panamericana colisiona con un tercero que estaba detenido sobre la misma autopista debido a un choque que habia en el lugar impactando con su parte delantera sobre la parte trasera del tercero conductor del vh tercero presentaba  molestias en el cuello sin desplazamientos,nan
aa    ,asegurado circulando por av reconquista en la interseccin con sargento cabral se cruza un tercero que circulaba por sargento cabral y embiste con el lateral izquierda al asegurado en la parte delantera el conductor del vehiculo tercero sufre lesiones intervino policia no acepto ambulancia sin desplazamientos,comprometida
aa    , el vehiculo asegurado circulaba por rivadavia al cruzar pergamino colisiona con el frente el lateral trasero izquierdo de un tercero que cruzaba por pergamino  sin lesiones sin desplazamientos,nan
aa    ,estabamos esperando el semaforo en la  fila y se me patino el embrague y choque  al auto  que estaba adelante mio frenamos y pedimos los respectivos seguros el joven maximiliano daniel rosas del auto chocado me mencion que le dola el cuellod,nan
