;Unnamed: 0;Idenx original;tipo_de_accidente;responsabilidad;descripcion_del_hecho - Final;Spacy Lemma-Pos
0;0;16;peaton;comprometida;asegurado ingresando estacionamiento hospital municipal moron verifica puede ingresar realizar marcha atras pisa empleado vigilancia lugar rueda delantera izquierda peaton cayo asfalto atendido hospital intervencion policial constataron presenta lesiones;[('asegurar', 'ADJ'), ('ingresar', 'VERB'), ('estacionamiento', 'NOUN'), ('hospital', 'NOUN'), ('municipal', 'ADJ'), ('moron', 'VERB'), ('verificar', 'ADJ'), ('poder', 'AUX'), ('ingresar', 'VERB'), ('realizar', 'VERB'), ('marchar', 'NOUN'), ('atras', 'ADJ'), ('pisar', 'VERB'), ('emplear', 'VERB'), ('vigilancia', 'NOUN'), ('lugar', 'NOUN'), ('rodar', 'VERB'), ('delantero', 'ADJ'), ('izquierdo', 'ADJ'), ('peaton', 'PROPN'), ('cayo', 'PROPN'), ('asfaltar', 'PROPN'), ('atender', 'ADJ'), ('hospital', 'PROPN'), ('intervencion', 'PROPN'), ('policial', 'ADJ'), ('constatar', 'VERB'), ('presentar', 'VERB'), ('lesionar', 'NOUN')]
1;1;23;peaton;concurrente;redgreenlue asegurado circulando boulevard buenos aires asegurado dobla hacia derecha semaforo tomar rodriguez asegurado doblar tercero menor edad rodriguez asegurado embiste parte delantera lesion visible ;[('redgreenlue', 'PROPN'), ('asegurar', 'ADJ'), ('circular', 'VERB'), ('boulevard', 'PROPN'), ('bueno', 'PROPN'), ('aire', 'PROPN'), ('asegurar', 'ADJ'), ('doblar', 'VERB'), ('hacia', 'ADP'), ('derecho', 'NOUN'), ('semaforo', 'AUX'), ('tomar', 'VERB'), ('rodriguez', 'PROPN'), ('asegurar', 'ADJ'), ('doblar', 'VERB'), ('3', 'ADJ'), ('menor', 'ADJ'), ('edad', 'NOUN'), ('rodriguez', 'PROPN'), ('asegurar', 'ADJ'), ('embestir', 'VERB'), ('partir', 'NOUN'), ('delantero', 'ADJ'), ('lesion', 'NOUN'), ('visible', 'ADJ')]
2;2;31;peaton;comprometida;aseg ciruculando roza girar hacia izquierda retomar oliden colisiona parte delantera tercero peaton encontraba cruzando ultima mencionada tercero cae suelo intervencion tercero queda lugar aguardando desplazamientos;[('aseg', 'PROPN'), ('ciruculando', 'VERB'), ('rozar', 'VERB'), ('girar', 'VERB'), ('hacia', 'ADP'), ('izquierdo', 'NOUN'), ('retomar', 'PROPN'), ('oliden', 'AUX'), ('colisionar', 'PROPN'), ('partir', 'NOUN'), ('delantero', 'ADJ'), ('3', 'ADJ'), ('peaton', 'PROPN'), ('encontrar', 'AUX'), ('cruzar', 'VERB'), ('ultimar', 'PROPN'), ('mencionar', 'ADJ'), ('3', 'ADJ'), ('caer', 'VERB'), ('soler', 'NOUN'), ('intervencion', 'PROPN'), ('3', 'ADJ'), ('quedo', 'VERB'), ('lugar', 'NOUN'), ('aguardar', 'VERB'), ('desplazamiento', 'NOUN')]
3;3;59;peaton;comprometida;asegurado circulando h yrigoyen girar caputo hacia derecha embiste u lateral derecho peaton cae pavimento levanta propios medios asiste amnbulancia desplazamientos;[('asegurar', 'ADJ'), ('circular', 'VERB'), ('hora', 'PROPN'), ('yrigoyen', 'PROPN'), ('girar', 'VERB'), ('caputo', 'NOUN'), ('hacia', 'ADP'), ('derecho', 'NOUN'), ('embestir', 'ADJ'), ('u', 'CCONJ'), ('lateral', 'ADJ'), ('derecho', 'PROPN'), ('peaton', 'PROPN'), ('caer', 'VERB'), ('pavimentar', 'PROPN'), ('levantar', 'VERB'), ('propio', 'DET'), ('medio', 'NOUN'), ('asistir', 'PROPN'), ('amnbulancia', 'NOUN'), ('desplazamiento', 'NOUN')]
4;4;93;peaton;concurrente;circulando juan manuel rosas llegando almirante brown semaforo m intento pasar dicha interseccin embargo persona rapidamente colisiono lado derecho impactando persona parabrisas intervencin polica;[('circular', 'PROPN'), ('juan', 'PROPN'), ('manuel', 'PROPN'), ('rosa', 'PROPN'), ('llegar', 'VERB'), ('almirante', 'NOUN'), ('brown', 'PROPN'), ('semaforo', 'ADJ'), ('metro', 'CCONJ'), ('intentar', 'VERB'), ('pasar', 'VERB'), ('decir', 'ADJ'), ('interseccin', 'NOUN'), ('embargar', 'NOUN'), ('personar', 'NOUN'), ('rapidamente', 'ADJ'), ('colisionar', 'NOUN'), ('lado', 'ADJ'), ('derecho', 'ADJ'), ('impactar', 'VERB'), ('personar', 'NOUN'), ('parabrisas', 'NOUN'), ('intervencin', 'AUX'), ('polica', 'ADJ')]
5;5;112;peaton;comprometida;salia garage salude novia puerta derecha sale persona llegue frenar golpee cayo amplio asegurado ;[('salio', 'PROPN'), ('garage', 'PROPN'), ('saludar', 'PROPN'), ('novio', 'NOUN'), ('puerta', 'NOUN'), ('derecho', 'ADJ'), ('salir', 'VERB'), ('personar', 'NOUN'), ('llegar', 'VERB'), ('frenar', 'VERB'), ('golpear', 'PROPN'), ('cayo', 'PROPN'), ('amplio', 'ADJ'), ('asegurar', 'ADJ')]
6;6;114;peaton;comprometida;circulando don bosco cruzar interseccin virrey liniers vena gran velocidad velocidad x daltima acelero manera imprevista peatnmujer aparece adelante tener contacto mismo cae suelo;[('circular', 'VERB'), ('don', 'NOUN'), ('bosco', 'PROPN'), ('cruzar', 'VERB'), ('interseccin', 'PROPN'), ('virrey', 'PROPN'), ('linier', 'PROPN'), ('vena', 'PROPN'), ('gran', 'ADJ'), ('velocidad', 'NOUN'), ('velocidad', 'NOUN'), ('x', 'PROPN'), ('daltima', 'VERB'), ('acelerar', 'PROPN'), ('manera', 'NOUN'), ('imprevisto', 'ADJ'), ('peatnmujer', 'VERB'), ('aparecer', 'VERB'), ('adelantar', 'ADV'), ('tener', 'VERB'), ('contactar', 'NOUN'), ('mismo', 'ADJ'), ('caer', 'VERB'), ('soler', 'NOUN')]
7;7;117;peaton;comprometida;maniobrando marcha atras salir estacionado mirando habia nadie momento siento ruido veo mayor golpeando ventanilla bajar sucedia alterada desorientada enojada comienza insultarme preguntaba habia hecho acusarme desconozco contacto solo escuche ruido manifestaba esperando taxi mitad tenia dolor piernas asisto llamamos hijo lleva lugar querer traslado algun hospital ampliamos asegurada auto revisando papeles etc pareja puerta casa van salir esquina mira atras llega hacer casi marcha atras mueve auto escucha alguien pega chapa auto dice apenas maniobro auto baja velocidad vuelve sentir golpes senora empieza hiciste etc senora dice atras esperando taxifue casi senda peatonal tercera alterada siquiera llego cada tercera dijo viva diez cuadras lugar ocurri hecho asegurada supone medio aguaradndo taxi solo vio raspon pusieron hielole ofreci llevarla hospital quiso hijo buscar tercera dijo bien haba ido medico meses despues llama senora diciendo abogada tercera pidiendole datos seguro tercera senora mayor;[('maniobrar', 'VERB'), ('marchar', 'NOUN'), ('atras', 'NOUN'), ('salir', 'VERB'), ('estacionar', 'ADJ'), ('mirar', 'VERB'), ('habia', 'PROPN'), ('nadie', 'PRON'), ('momento', 'NOUN'), ('sentir', 'VERB'), ('ruido', 'NOUN'), ('ver', 'VERB'), ('mayor', 'ADJ'), ('golpear', 'VERB'), ('ventanilla', 'PROPN'), ('bajar', 'VERB'), ('sucedia', 'NOUN'), ('alterar', 'ADJ'), ('desorientar', 'ADJ'), ('enojar', 'ADJ'), ('comenzar', 'NOUN'), ('insultarme', 'VERB'), ('preguntar', 'AUX'), ('habia', 'PROPN'), ('hacer', 'ADJ'), ('acusarme', 'VERB'), ('desconocer', 'VERB'), ('contactar', 'NOUN'), ('solo', 'ADJ'), ('escuchar', 'NOUN'), ('ruido', 'NOUN'), ('manifestar', 'VERB'), ('esperar', 'VERB'), ('taxi', 'NOUN'), ('mitad', 'PROPN'), ('tenia', 'PROPN'), ('dolor', 'PROPN'), ('pierna', 'NOUN'), ('asistir', 'ADJ'), ('llamar', 'VERB'), ('hijo', 'NOUN'), ('llevar', 'VERB'), ('lugar', 'NOUN'), ('querer', 'VERB'), ('trasladar', 'ADJ'), ('algun', 'AUX'), ('hospital', 'PROPN'), ('ampliar', 'VERB'), ('asegurar', 'ADJ'), ('auto', 'NOUN'), ('revisar', 'VERB'), ('papel', 'NOUN'), ('etcétera', 'PUNCT'), ('parejo', 'NOUN'), ('puerta', 'NOUN'), ('casar', 'PROPN'), ('ir', 'VERB'), ('salir', 'VERB'), ('esquinar', 'NOUN'), ('mirar', 'PROPN'), ('atras', 'PROPN'), ('llegar', 'VERB'), ('hacer', 'VERB'), ('casi', 'ADV'), ('marchar', 'VERB'), ('atras', 'NOUN'), ('mover', 'VERB'), ('auto', 'NOUN'), ('escuchar', 'VERB'), ('alguien', 'PRON'), ('pegar', 'NOUN'), ('chapar', 'NOUN'), ('auto', 'ADJ'), ('decir', 'VERB'), ('apenar', 'ADV'), ('maniobrar', 'NOUN'), ('auto', 'ADJ'), ('bajo', 'ADJ'), ('velocidad', 'NOUN'), ('volver', 'PROPN'), ('sentir', 'VERB'), ('golpe', 'NOUN'), ('senora', 'ADJ'), ('empezar', 'VERB'), ('hacer', 'PROPN'), ('etcétera', 'PROPN'), ('senora', 'NOUN'), ('decir', 'VERB'), ('atras', 'NOUN'), ('esperar', 'VERB'), ('taxifue', 'VERB'), ('casi', 'ADV'), ('senda', 'INTJ'), ('peatonal', 'ADJ'), ('tercero', 'ADJ'), ('alterar', 'ADJ'), ('siquiera', 'INTJ'), ('llegar', 'INTJ'), ('cada', 'DET'), ('tercero', 'ADJ'), ('decir', 'VERB'), ('vivo', 'ADJ'), ('diez', 'NUM'), ('cuadro', 'NOUN'), ('lugar', 'NOUN'), ('ocurri', 'PROPN'), ('hacer', 'ADJ'), ('asegurar', 'ADJ'), ('suponer', 'AUX'), ('mediar', 'ADV'), ('aguaradndo', 'VERB'), ('taxi', 'NOUN'), ('solo', 'ADJ'), ('ver', 'VERB'), ('raspon', 'ADJ'), ('poner', 'VERB'), ('hielole', 'VERB'), ('ofreci', 'AUX'), ('llevarla', 'VERB'), ('hospital', 'PROPN'), ('querer', 'VERB'), ('hijo', 'NOUN'), ('buscar', 'VERB'), ('tercero', 'ADJ'), ('decir', 'VERB'), ('bien', 'ADV'), ('haba', 'AUX'), ('ir', 'ADJ'), ('medicar', 'ADJ'), ('mesar', 'NOUN'), ('despues', 'PROPN'), ('llamar', 'VERB'), ('senora', 'ADJ'), ('decir', 'AUX'), ('abogar', 'ADJ'), ('tercero', 'ADJ'), ('pidiendole', 'VERB'), ('dato', 'NOUN'), ('seguro', 'ADJ'), ('tercero', 'ADJ'), ('senora', 'NOUN'), ('mayor', 'ADJ')]
8;8;118;peaton;concurrente;circulaba ruta direccion moreno hijos encontraba esperando cruzar mitad cuadra vehiculos circulaban direccion contraria cuales encontraban detenidos pr trafico menores suela hacia carril circulacion pudiendo evitar impactarlo lateral delantero izquierdo menor edad sufre fractura derecha ;[('circular', 'AUX'), ('ruta', 'VERB'), ('direccion', 'PROPN'), ('moreno', 'PROPN'), ('hijo', 'NOUN'), ('encontrar', 'VERB'), ('esperar', 'VERB'), ('cruzar', 'VERB'), ('mitad', 'NOUN'), ('cuadro', 'PROPN'), ('vehiculos', 'PROPN'), ('circular', 'AUX'), ('direccion', 'NOUN'), ('contrario', 'ADJ'), ('cual', 'PRON'), ('encontrar', 'AUX'), ('detenido', 'ADJ'), ('pr', 'ADP'), ('traficar', 'ADJ'), ('menor', 'ADJ'), ('soler', 'NOUN'), ('hacia', 'ADP'), ('carril', 'NOUN'), ('circulacion', 'PROPN'), ('poder', 'VERB'), ('evitar', 'VERB'), ('impactarlo', 'VERB'), ('lateral', 'ADJ'), ('delantero', 'NOUN'), ('izquierdo', 'ADJ'), ('menor', 'ADJ'), ('edad', 'NOUN'), ('sufrir', 'VERB'), ('fracturar', 'NOUN'), ('derecho', 'ADJ')]
9;9;131;peaton;comprometida;aseg encontraba circulando juan pujol llegar interseccion gaona peaton aseg roza parte delantera parte izq persona cae suelo lesiones visibles intervencion trasladada hospital fernandez;[('aseg', 'PROPN'), ('encontrar', 'AUX'), ('circular', 'VERB'), ('juan', 'PROPN'), ('pujol', 'PROPN'), ('llegar', 'VERB'), ('interseccion', 'PROPN'), ('gaona', 'PROPN'), ('peaton', 'PROPN'), ('aseg', 'PROPN'), ('rozar', 'VERB'), ('partir', 'NOUN'), ('delantero', 'ADJ'), ('partir', 'NOUN'), ('izq', 'ADJ'), ('personar', 'NOUN'), ('caer', 'VERB'), ('soler', 'NOUN'), ('lesionar', 'NOUN'), ('visible', 'ADJ'), ('intervencion', 'PROPN'), ('trasladar', 'PROPN'), ('hospital', 'PROPN'), ('fernandez', 'PROPN')]
10;10;149;peaton;comprometida;girar izquierda urquiza hacia rodolfo lopez toco parte delantera senor mayor cruzaba bocacalle ultima peaton cae piso golpeandose hombro trasladado hospital quilmes intervension policial acoholemia ;[('girar', 'VERB'), ('izquierdo', 'NOUN'), ('urquiza', 'ADJ'), ('hacia', 'ADP'), ('rodolfo', 'PROPN'), ('lopez', 'PROPN'), ('tocar', 'VERB'), ('partir', 'NOUN'), ('delantero', 'ADJ'), ('senor', 'PROPN'), ('mayor', 'ADJ'), ('cruzar', 'AUX'), ('bocacalle', 'PROPN'), ('ultimar', 'PROPN'), ('peaton', 'PROPN'), ('caer', 'VERB'), ('pisar', 'NOUN'), ('golpeandose', 'VERB'), ('hombro', 'NOUN'), ('trasladar', 'ADJ'), ('hospital', 'PROPN'), ('quilmes', 'PROPN'), ('intervension', 'PROPN'), ('policial', 'ADJ'), ('acoholemia', 'ADJ')]
11;11;165;peaton;comprometida;asegurado circulando colectora au panamerica ramal tigre dobla carlos caseres colisiona peaton cruzaba manera incorrecta calleel peaton presentaba lesiones cuello;[('asegurar', 'ADJ'), ('circular', 'VERB'), ('colector', 'ADJ'), ('au', 'PROPN'), ('panamerica', 'ADJ'), ('ramal', 'NOUN'), ('tigre', 'ADJ'), ('doblar', 'PROPN'), ('carlos', 'PROPN'), ('caseres', 'PROPN'), ('colisionar', 'PROPN'), ('peaton', 'PROPN'), ('cruzar', 'AUX'), ('manera', 'NOUN'), ('incorrecto', 'ADJ'), ('calleel', 'PROPN'), ('peaton', 'PROPN'), ('presentar', 'AUX'), ('lesionar', 'NOUN'), ('cuello', 'NOUN')]
12;12;179;peaton;comprometida;circulando alsina intento esquivar grupo manifestantes embargo bandera queda trabada parrilla provocando persona caiga acerque persona intercambiamos datos;[('circular', 'PROPN'), ('alsina', 'ADJ'), ('intentar', 'NOUN'), ('esquivar', 'PROPN'), ('grupo', 'NOUN'), ('manifestante', 'NOUN'), ('embargar', 'NOUN'), ('bandera', 'NOUN'), ('quedo', 'VERB'), ('trabar', 'ADJ'), ('parrilla', 'NOUN'), ('provocar', 'VERB'), ('personar', 'NOUN'), ('caer', 'VERB'), ('acercar', 'PROPN'), ('personar', 'PROPN'), ('intercambiar', 'VERB'), ('dato', 'NOUN')]
13;13;202;peaton;comprometida;aseg circulando ana lena guerrieri tercero peaton encontraba cruzando baston cae suelo asegurado indica haber contacto tercero aparentemente cae solo intervencion actuaciones tercero trasladado hospital posadas caida;[('aseg', 'PROPN'), ('circular', 'VERB'), ('ana', 'PROPN'), ('lena', 'PROPN'), ('guerrieri', 'PROPN'), ('3', 'ADJ'), ('peaton', 'PROPN'), ('encontrar', 'AUX'), ('cruzar', 'VERB'), ('baston', 'NOUN'), ('caer', 'VERB'), ('soler', 'NOUN'), ('asegurar', 'ADJ'), ('indicar', 'VERB'), ('haber', 'VERB'), ('contactar', 'NOUN'), ('3', 'ADJ'), ('aparentemente', 'ADV'), ('caer', 'VERB'), ('solo', 'ADV'), ('intervencion', 'PROPN'), ('actuación', 'NOUN'), ('3', 'ADJ'), ('trasladar', 'ADJ'), ('hospital', 'PROPN'), ('posar', 'ADJ'), ('caida', 'ADJ')]
14;14;211;peaton;concurrente;aseg circulaba terrada llegar interseccin galicia nino baja corriendo taxi detenido tropezando lateral derecho aseg nino cae pavimento result lesionado trasladado centro medico intervinieron policias;[('aseg', 'PROPN'), ('circular', 'AUX'), ('terrada', 'ADJ'), ('llegar', 'VERB'), ('interseccin', 'PROPN'), ('galicia', 'PROPN'), ('nino', 'PROPN'), ('bajo', 'PROPN'), ('correr', 'VERB'), ('taxi', 'NOUN'), ('detener', 'ADJ'), ('tropezar', 'VERB'), ('lateral', 'ADJ'), ('derecho', 'ADJ'), ('aseg', 'PROPN'), ('nino', 'ADJ'), ('caer', 'VERB'), ('pavimentar', 'PROPN'), ('result', 'PROPN'), ('lesionar', 'ADJ'), ('trasladar', 'ADJ'), ('centrar', 'NOUN'), ('medicar', 'ADJ'), ('intervenir', 'VERB'), ('policias', 'NOUN')]
15;15;213;peaton;comprometida;transitaba arias llegar parque dispongo girar izquierda ingresar parque haciendo alacanzo rozar levemente peaton cruzando arteria pude advertir encandilamiento solar peatn selene anah cappmartin dni menifest dolor piernas datos tercero;[('transitar', 'AUX'), ('ario', 'PROPN'), ('llegar', 'VERB'), ('parque', 'PROPN'), ('disponer', 'PROPN'), ('girar', 'VERB'), ('izquierdo', 'PROPN'), ('ingresar', 'VERB'), ('parque', 'NOUN'), ('hacer', 'VERB'), ('alacanzo', 'NOUN'), ('rozar', 'VERB'), ('levemente', 'ADV'), ('peaton', 'PROPN'), ('cruzar', 'VERB'), ('arteria', 'PROPN'), ('poder', 'VERB'), ('advertir', 'VERB'), ('encandilamiento', 'NOUN'), ('solar', 'ADJ'), ('peatn', 'VERB'), ('selene', 'PROPN'), ('anah', 'PROPN'), ('cappmartin', 'PROPN'), ('dni', 'PROPN'), ('menifest', 'PROPN'), ('dolor', 'PROPN'), ('pierna', 'NOUN'), ('dato', 'NOUN'), ('3', 'ADJ')]
16;16;234;peaton;sin responsabilidad;aseg detenido esperando esposa persona corria hacia auto impacta parte trasera ;[('aseg', 'PROPN'), ('detener', 'ADJ'), ('esperar', 'VERB'), ('esposo', 'NOUN'), ('personar', 'NOUN'), ('corria', 'ADJ'), ('hacia', 'ADP'), ('auto', 'NOUN'), ('impactar', 'VERB'), ('partir', 'NOUN'), ('trasero', 'ADJ')]
17;17;239;peaton;comprometida;circulaba sarmiento girar hacia izquierda imprevistamente toco peaton iba cruzando;[('circular', 'AUX'), ('sarmentar', 'ADV'), ('girar', 'VERB'), ('hacia', 'ADP'), ('izquierdo', 'NOUN'), ('imprevistamente', 'ADJ'), ('tocar', 'PROPN'), ('peaton', 'PROPN'), ('ir', 'VERB'), ('cruzar', 'VERB')]
18;18;253;peaton;comprometida;asegurado circulando yrigoyen tocar rama sobresalia vereda misma impacta persona;[('asegurar', 'ADJ'), ('circular', 'VERB'), ('yrigoyen', 'PROPN'), ('tocar', 'VERB'), ('rama', 'PROPN'), ('sobresalia', 'PROPN'), ('vereda', 'PROPN'), ('mismo', 'DET'), ('impactar', 'ADJ'), ('personar', 'NOUN')]
19;19;262;peaton;comprometida;redgreenlueredgreenlue aseg saliendo estacionado tordo marcha atras golpe lateral derecho trasero peaton arroja bolso peaton cae pavimento levanto retiro discusion previa anterior persona ;[('redgreenlueredgreenlue', 'PROPN'), ('aseg', 'PROPN'), ('salir', 'VERB'), ('estacionar', 'ADJ'), ('tordo', 'ADJ'), ('marchar', 'INTJ'), ('atras', 'NOUN'), ('golpe', 'NOUN'), ('lateral', 'ADJ'), ('derecho', 'NOUN'), ('trasero', 'ADJ'), ('peaton', 'PROPN'), ('arrojar', 'PROPN'), ('bolso', 'PROPN'), ('peaton', 'PROPN'), ('caer', 'VERB'), ('pavimentar', 'PROPN'), ('levantar', 'PROPN'), ('retirar', 'PROPN'), ('discusion', 'PROPN'), ('previo', 'ADJ'), ('anterior', 'ADJ'), ('personar', 'NOUN')]
20;20;269;peaton;comprometida;redgreenlue aseg circulando ciudadela dobla don cristobalhaci izquierda colisiona persona espejo izquierdo tercera cae piso aseg traslada casa tenia brazo hinchado ;[('redgreenlue', 'PROPN'), ('aseg', 'PROPN'), ('circular', 'VERB'), ('ciudadela', 'PROPN'), ('doblar', 'PROPN'), ('don', 'PROPN'), ('cristobalhaci', 'PROPN'), ('izquierdo', 'ADJ'), ('colisionar', 'ADJ'), ('personar', 'NOUN'), ('espejar', 'NOUN'), ('izquierdo', 'ADJ'), ('tercero', 'ADJ'), ('caer', 'VERB'), ('pisar', 'NOUN'), ('aseg', 'PROPN'), ('trasladar', 'VERB'), ('casar', 'NOUN'), ('tenia', 'PROPN'), ('brazo', 'PROPN'), ('hinchar', 'ADJ')]
21;21;279;peaton;concurrente;aseg circulaba medina nino cruzaba corriendo metros esquina toca delantero izq asegurado nene cae vereda presentaba raspn trasladado colegio asegurada all llamaron policias necesario trasladarlo centro medico;[('aseg', 'PROPN'), ('circular', 'AUX'), ('medina', 'ADJ'), ('nino', 'ADJ'), ('cruzar', 'VERB'), ('correr', 'VERB'), ('metro', 'NOUN'), ('esquinar', 'NOUN'), ('tocar', 'PROPN'), ('delantero', 'NOUN'), ('izq', 'PROPN'), ('asegurar', 'ADJ'), ('nene', 'PROPN'), ('caer', 'VERB'), ('vereda', 'PROPN'), ('presentar', 'AUX'), ('raspn', 'NOUN'), ('trasladar', 'ADJ'), ('colegiar', 'NOUN'), ('asegurar', 'ADJ'), ('all', 'PROPN'), ('llamar', 'VERB'), ('policias', 'NOUN'), ('necesario', 'ADJ'), ('trasladarlo', 'VERB'), ('centrar', 'NOUN'), ('medicar', 'ADJ')]
22;22;315;peaton;comprometida;asegurado circulaba holmberg maniobra girar izquierda hacia congreso tucuman impacta lateral delantero derecho peaton cruzaba congreso tucuman desplazamientos peaton cae piso presentaba lesiones quiere ser trasladado hospital asegurado asegurado lleva domicilio ;[('asegurar', 'ADJ'), ('circular', 'AUX'), ('holmberg', 'PROPN'), ('maniobrar', 'VERB'), ('girar', 'VERB'), ('izquierdo', 'ADJ'), ('hacia', 'ADP'), ('congreso', 'PROPN'), ('tucuman', 'AUX'), ('impactar', 'VERB'), ('lateral', 'ADJ'), ('delantero', 'NOUN'), ('derecho', 'PROPN'), ('peaton', 'PROPN'), ('cruzar', 'AUX'), ('congreso', 'PROPN'), ('tucuman', 'AUX'), ('desplazamiento', 'NOUN'), ('peaton', 'PROPN'), ('caer', 'VERB'), ('pisar', 'NOUN'), ('presentar', 'AUX'), ('lesionar', 'NOUN'), ('querer', 'VERB'), ('ser', 'VERB'), ('trasladar', 'VERB'), ('hospital', 'NOUN'), ('asegurar', 'ADJ'), ('asegurar', 'ADJ'), ('llevar', 'VERB'), ('domiciliar', 'NOUN')]
23;23;322;peaton;comprometida;circulando gral juan lavalle altura interseccion jean jaures caba bs as peaton encontraba cruzando momento tener paso semaforo circulando mientras cruzaba bocacalle embesto parte frontal tercero sube capot cae suelo asfalto sufre golpe pierde conocimiento bajo asistirla reincorpora medios tenia raspones raspon frente ;[('circular', 'VERB'), ('gral', 'ADJ'), ('juan', 'PROPN'), ('lavalle', 'PROPN'), ('altura', 'PROPN'), ('interseccion', 'PROPN'), ('jean', 'PROPN'), ('jaures', 'NOUN'), ('caba', 'AUX'), ('bs', 'PROPN'), ('as', 'PROPN'), ('peaton', 'PROPN'), ('encontrar', 'AUX'), ('cruzar', 'VERB'), ('momento', 'NOUN'), ('tener', 'VERB'), ('pasar', 'NOUN'), ('semaforo', 'ADJ'), ('circular', 'VERB'), ('mientras', 'SCONJ'), ('cruzar', 'AUX'), ('bocacalle', 'ADJ'), ('embesto', 'NOUN'), ('partir', 'VERB'), ('frontal', 'ADJ'), ('3', 'ADJ'), ('subir', 'VERB'), ('capot', 'PROPN'), ('caer', 'VERB'), ('soler', 'NOUN'), ('asfaltar', 'PROPN'), ('sufrir', 'VERB'), ('golpe', 'PROPN'), ('perder', 'VERB'), ('conocimiento', 'NOUN'), ('bajar', 'ADP'), ('asistirla', 'VERB'), ('reincorporar', 'ADJ'), ('medio', 'NOUN'), ('tenia', 'PROPN'), ('raspones', 'NOUN'), ('raspon', 'ADJ'), ('frente', 'ADV')]
24;24;333;peaton;comprometida;asegurado circulando izquierda grupo personas desprende cruzar produce lateral delantero izquierdo asegurado maniobra hacia derecha colisionando cordon parte delantera derecha ;[('asegurar', 'ADJ'), ('circular', 'PROPN'), ('izquierdo', 'PROPN'), ('grupo', 'PROPN'), ('personar', 'NOUN'), ('desprender', 'VERB'), ('cruzar', 'VERB'), ('producir', 'VERB'), ('lateral', 'ADJ'), ('delantero', 'NOUN'), ('izquierdo', 'ADJ'), ('asegurar', 'ADJ'), ('maniobrar', 'VERB'), ('hacia', 'ADP'), ('derecho', 'NOUN'), ('colisionar', 'VERB'), ('cordon', 'PROPN'), ('partir', 'VERB'), ('delantero', 'ADJ'), ('derecho', 'ADJ')]
25;25;341;peaton;comprometida;aseg circulaba sarandi doblar derecha godoy cruz imprevistamente aseg golpea cae piso sabe muchacho tambien golpe levant enseguida asegurado quiere llevarla hospital niegan intercambian datos retiraron caminando manifesto leve dolor;[('aseg', 'PROPN'), ('circular', 'AUX'), ('sarandi', 'VERB'), ('doblar', 'VERB'), ('derecho', 'NOUN'), ('godoy', 'PROPN'), ('cruz', 'PROPN'), ('imprevistamente', 'ADV'), ('aseg', 'PROPN'), ('golpear', 'PROPN'), ('caer', 'VERB'), ('pisar', 'NOUN'), ('saber', 'VERB'), ('muchacho', 'NOUN'), ('tambien', 'NOUN'), ('golpe', 'PROPN'), ('levant', 'PROPN'), ('enseguida', 'ADV'), ('asegurar', 'ADJ'), ('querer', 'VERB'), ('llevarla', 'VERB'), ('hospital', 'PROPN'), ('negar', 'AUX'), ('intercambiar', 'AUX'), ('dato', 'NOUN'), ('retirar', 'VERB'), ('caminar', 'VERB'), ('manifesto', 'NOUN'), ('levar', 'ADJ'), ('dolor', 'NOUN')]
26;26;355;peaton;comprometida;circulaba carlos calvo cruzado mitad interseccion virrey liniers tercero circulaba ultima avanzo gran velocidad cruzar impacte parte trasera derecha parte delantera derecha pedirle datos manifesto mareada concurrio trasladada same terceros involucrados datos tercero barbara yanina buono pugh logan ocz;[('circular', 'AUX'), ('carlos', 'PROPN'), ('calvo', 'PROPN'), ('cruzar', 'ADJ'), ('mitad', 'PROPN'), ('interseccion', 'PROPN'), ('virrey', 'PROPN'), ('linier', 'PROPN'), ('3', 'ADJ'), ('circular', 'AUX'), ('ultimar', 'PROPN'), ('avanzar', 'NOUN'), ('gran', 'ADJ'), ('velocidad', 'NOUN'), ('cruzar', 'VERB'), ('impactar', 'PROPN'), ('partir', 'NOUN'), ('trasero', 'ADJ'), ('derecho', 'ADJ'), ('partir', 'NOUN'), ('delantero', 'ADJ'), ('derecho', 'ADJ'), ('pedirle', 'VERB'), ('dato', 'NOUN'), ('manifesto', 'ADJ'), ('marear', 'ADJ'), ('concurrio', 'ADJ'), ('trasladar', 'ADJ'), ('same', 'ADV'), ('tercero', 'ADJ'), ('involucrar', 'ADJ'), ('dato', 'NOUN'), ('3', 'ADJ'), ('barbar', 'PROPN'), ('yanina', 'PROPN'), ('buono', 'PROPN'), ('pugh', 'PROPN'), ('logan', 'AUX'), ('ocz', 'PROPN')]
27;27;368;peaton;comprometida;redgreenlueuc aseg circulando boulogne sur mer girar hacia ovidio lagos colisiona parte delantera peaton cruzaba cae asfalto trasladado hospital medio dieron alta mismo dia ;[('redgreenlueuc', 'ADJ'), ('aseg', 'PROPN'), ('circular', 'VERB'), ('boulogne', 'PROPN'), ('sur', 'PROPN'), ('mer', 'ADV'), ('girar', 'VERB'), ('hacia', 'ADP'), ('ovidio', 'PROPN'), ('lago', 'PROPN'), ('colisionar', 'VERB'), ('partir', 'NOUN'), ('delantero', 'ADJ'), ('peaton', 'PROPN'), ('cruzar', 'AUX'), ('caer', 'VERB'), ('asfaltar', 'NOUN'), ('trasladar', 'ADJ'), ('hospital', 'PROPN'), ('mediar', 'ADV'), ('dar', 'VERB'), ('alto', 'NOUN'), ('mismo', 'DET'), ('dia', 'NOUN')]
28;28;371;peaton;comprometida;vhc asegurado gabriela mistral comienza virar direccion lentamente marco fuerte parabrisas empanado logra advertir peaton cruzando produce colision extremo delantero derecho persona cae cinta asfaltica llamaron hizo presente familia tercero traslada centro medico desconozco tenia golpe sangrante llamaron policiasin desplazamientostel contactamos v asegurado ;[('vhc', 'PROPN'), ('asegurar', 'PROPN'), ('gabriela', 'PROPN'), ('mistral', 'PROPN'), ('comenzar', 'AUX'), ('virar', 'VERB'), ('direccion', 'NOUN'), ('lentamente', 'ADV'), ('marcar', 'NOUN'), ('fuerte', 'ADJ'), ('parabrisas', 'NOUN'), ('empanar', 'ADJ'), ('lograr', 'VERB'), ('advertir', 'VERB'), ('peaton', 'PROPN'), ('cruzar', 'VERB'), ('producir', 'VERB'), ('colision', 'PROPN'), ('extremar', 'ADJ'), ('delantero', 'NOUN'), ('derecho', 'ADJ'), ('personar', 'NOUN'), ('caer', 'VERB'), ('cintar', 'NOUN'), ('asfaltica', 'ADJ'), ('llamar', 'VERB'), ('hacer', 'VERB'), ('presentar', 'ADJ'), ('familia', 'NOUN'), ('3', 'ADJ'), ('trasladar', 'VERB'), ('centrar', 'NOUN'), ('medicar', 'ADJ'), ('desconocer', 'VERB'), ('tenia', 'PROPN'), ('golpe', 'PROPN'), ('sangrante', 'ADJ'), ('llamar', 'VERB'), ('policiasin', 'ADP'), ('desplazamientostel', 'NOUN'), ('contactar', 'VERB'), ('v', 'CCONJ'), ('asegurar', 'ADJ')]
29;29;398;peaton;comprometida;aseg maniobrando salir estacion servicio impacta tercero parado vereda misma parte delantera peaton cae piso lesiones visibles intervencion va caminandod;[('aseg', 'PROPN'), ('maniobrar', 'AUX'), ('salir', 'VERB'), ('estacion', 'PROPN'), ('servicio', 'PROPN'), ('impactar', 'PROPN'), ('3', 'ADJ'), ('parar', 'ADJ'), ('vereda', 'PROPN'), ('mismo', 'DET'), ('partir', 'NOUN'), ('delantero', 'ADJ'), ('peaton', 'PROPN'), ('caer', 'VERB'), ('pisar', 'NOUN'), ('lesionar', 'NOUN'), ('visible', 'ADJ'), ('intervencion', 'PROPN'), ('ir', 'VERB'), ('caminandod', 'PROPN')]
30;30;403;peaton;comprometida;estacionado rotta maniobra salir marcha atras atropella peaton circulando detras vehiculo peaton cayo piso ;[('estacionar', 'ADJ'), ('rotta', 'PROPN'), ('maniobrar', 'NOUN'), ('salir', 'VERB'), ('marchar', 'NOUN'), ('atras', 'ADJ'), ('atropellar', 'PROPN'), ('peaton', 'PROPN'), ('circular', 'VERB'), ('detras', 'NOUN'), ('vehicular', 'NOUN'), ('peaton', 'PROPN'), ('cayo', 'PROPN'), ('pisar', 'NOUN')]
31;31;404;peaton;comprometida;estacionado asegurado hace marcha atras toca cae;[('estacionar', 'ADJ'), ('asegurar', 'ADJ'), ('hacer', 'AUX'), ('marchar', 'NOUN'), ('atras', 'NOUN'), ('tocar', 'PROPN'), ('caer', 'VERB')]
32;32;419;peaton;comprometida;aseg circulando garay girar hacia paseo colon impacta parte frontal izquierda peaton cruzaba senda peatonal cae asfalto levanto propios medios trasladada argerich medio retenido desplazamientos;[('aseg', 'PROPN'), ('circular', 'VERB'), ('garay', 'PROPN'), ('girar', 'VERB'), ('hacia', 'ADP'), ('pasear', 'NOUN'), ('colon', 'PROPN'), ('impactar', 'VERB'), ('partir', 'NOUN'), ('frontal', 'ADJ'), ('izquierdo', 'NOUN'), ('peaton', 'PROPN'), ('cruzar', 'AUX'), ('senda', 'PROPN'), ('peatonal', 'ADJ'), ('caer', 'VERB'), ('asfaltar', 'NOUN'), ('levantar', 'PROPN'), ('propio', 'DET'), ('medio', 'NOUN'), ('trasladar', 'ADJ'), ('argerich', 'PROPN'), ('mediar', 'PROPN'), ('retener', 'ADJ'), ('desplazamiento', 'NOUN')]
33;33;443;peaton;concurrente;julio hs circulaba carrasco atento transito automvil citroen c patente hee habilitado semaforo cruzando rivadavia mayor edad distrado lanza repentinamente cruzar carrasco golpea humanidad vehculo espejo retrovisor derecho d;[('julio', 'NOUN'), ('hs', 'AUX'), ('circular', 'AUX'), ('carrasco', 'PROPN'), ('atentar', 'ADJ'), ('transitar', 'NOUN'), ('automvil', 'PROPN'), ('citroen', 'PROPN'), ('c', 'PROPN'), ('patentar', 'ADJ'), ('hee', 'PROPN'), ('habilitar', 'ADJ'), ('semaforo', 'ADJ'), ('cruzar', 'VERB'), ('rivadavia', 'PROPN'), ('mayor', 'ADJ'), ('edad', 'NOUN'), ('distrado', 'ADJ'), ('lanzar', 'VERB'), ('repentinamente', 'ADV'), ('cruzar', 'VERB'), ('carrasco', 'PROPN'), ('golpear', 'PROPN'), ('humanidad', 'PROPN'), ('vehculo', 'ADJ'), ('espejar', 'NOUN'), ('retrovisor', 'ADJ'), ('derecho', 'PROPN'), ('d', 'PROPN')]
34;34;449;peaton;comprometida;asegurado circulando simon perez ro peatonque sale autos derecha asegurado intenta cruzar ninguno ven segu volantea toca bocina impacta parte delantera peaton heridas leves lesion dedo cae piso asiste traslada hospital contacta fliares poder certf radiografias ineterv policial control alcoholemia;[('asegurar', 'ADJ'), ('circular', 'VERB'), ('simon', 'PROPN'), ('perez', 'PROPN'), ('ro', 'PROPN'), ('peatonque', 'PROPN'), ('salir', 'VERB'), ('auto', 'NOUN'), ('derecho', 'ADJ'), ('asegurar', 'ADJ'), ('intentar', 'VERB'), ('cruzar', 'VERB'), ('ninguno', 'PRON'), ('ver', 'PROPN'), ('segu', 'PROPN'), ('volantea', 'PROPN'), ('tocar', 'PROPN'), ('bocinar', 'PROPN'), ('impactar', 'ADJ'), ('partir', 'NOUN'), ('delantero', 'ADJ'), ('peaton', 'PROPN'), ('herir', 'NOUN'), ('leve', 'ADJ'), ('lesion', 'INTJ'), ('dedo', 'PROPN'), ('caer', 'VERB'), ('pisar', 'NOUN'), ('asistir', 'PROPN'), ('trasladar', 'VERB'), ('hospital', 'PROPN'), ('contactar', 'PROPN'), ('fliares', 'PROPN'), ('poder', 'PROPN'), ('certf', 'NOUN'), ('radiografias', 'NOUN'), ('ineterv', 'PROPN'), ('policial', 'ADJ'), ('control', 'NOUN'), ('alcoholemia', 'ADJ')]
35;35;450;peaton;comprometida;aseg circulando senador moron impacta tercero peaton misma parte delantera izquierda tercero cae piso lesiones visibles intervencion va caminando dificultad quiso ir hospital aseg;[('aseg', 'PROPN'), ('circular', 'VERB'), ('senador', 'NOUN'), ('moron', 'VERB'), ('impactar', 'NOUN'), ('3', 'ADJ'), ('peaton', 'PROPN'), ('mismo', 'DET'), ('partir', 'NOUN'), ('delantero', 'ADJ'), ('izquierdo', 'ADJ'), ('3', 'ADJ'), ('caer', 'VERB'), ('pisar', 'NOUN'), ('lesionar', 'NOUN'), ('visible', 'ADJ'), ('intervencion', 'PROPN'), ('ir', 'AUX'), ('caminar', 'VERB'), ('dificultar', 'NOUN'), ('querer', 'VERB'), ('ir', 'VERB'), ('hospital', 'PROPN'), ('aseg', 'PROPN')]
36;36;483;peaton;comprometida;circulaba lavalleja llegar interseccin crdoba giro hacia izquierda instante rozo lateral delantero derecho peatn iba cruzando crdoba peatn cay suelo ;[('circular', 'AUX'), ('lavalleja', 'VERB'), ('llegar', 'VERB'), ('interseccin', 'PROPN'), ('crdoba', 'PROPN'), ('girar', 'PROPN'), ('hacia', 'ADP'), ('izquierdo', 'NOUN'), ('instante', 'ADJ'), ('rozar', 'PROPN'), ('lateral', 'ADJ'), ('delantero', 'NOUN'), ('derecho', 'ADJ'), ('peatn', 'VERB'), ('ir', 'VERB'), ('cruzar', 'VERB'), ('crdoba', 'PROPN'), ('peatn', 'VERB'), ('cay', 'NOUN'), ('soler', 'NOUN')]
37;37;510;peaton;comprometida;circulando alberdi gire izquierda ingresar san martn entonces senora roz espejo retrovisor izquierdo cayendose intervencin polica;[('circular', 'VERB'), ('alberdi', 'PROPN'), ('girar', 'PROPN'), ('izquierdo', 'PROPN'), ('ingresar', 'PROPN'), ('santo', 'PROPN'), ('martn', 'PROPN'), ('entonces', 'ADV'), ('senora', 'ADJ'), ('roz', 'ADJ'), ('espejar', 'NOUN'), ('retrovisor', 'ADJ'), ('izquierdo', 'ADJ'), ('cayendose', 'VERB'), ('intervencin', 'PROPN'), ('polica', 'ADJ')]
38;38;529;peaton;comprometida;aseg encontraba circulando montes oca girar suarez embiste frente peaton anos esquina cae suelo manifesto dolencias asistencia trasladada centro medico argerich ;[('aseg', 'PROPN'), ('encontrar', 'AUX'), ('circular', 'VERB'), ('monte', 'ADJ'), ('oca', 'AUX'), ('girar', 'VERB'), ('suarez', 'PROPN'), ('embestir', 'PROPN'), ('frente', 'ADV'), ('peaton', 'PROPN'), ('ano', 'PROPN'), ('esquinar', 'PROPN'), ('caer', 'VERB'), ('soler', 'NOUN'), ('manifesto', 'ADJ'), ('dolencia', 'NOUN'), ('asistencia', 'NOUN'), ('trasladar', 'ADJ'), ('centrar', 'NOUN'), ('medicar', 'ADJ'), ('argerich', 'PROPN')]
39;39;544;peaton;comprometida;vehiculo asgurado circulaba mitreembiste izquierdo peaton trabajador municipal lado conocon rueda delantera derechael peaton cae;[('vehicular', 'NOUN'), ('asgurado', 'ADJ'), ('circular', 'AUX'), ('mitreembiste', 'PROPN'), ('izquierdo', 'ADJ'), ('peaton', 'PROPN'), ('trabajador', 'PROPN'), ('municipal', 'ADJ'), ('lado', 'NOUN'), ('conocon', 'ADJ'), ('rodar', 'NOUN'), ('delantero', 'ADJ'), ('derechael', 'PROPN'), ('peaton', 'PROPN'), ('caer', 'VERB')]
40;40;554;peaton;comprometida;detenida semaforo arroyo cerrito detras camioneta amarok semaforo puso arranque doblar tomar autopista camioneta fren gir evitar avance toque espejo peatn persona manifesto dolor brazo derecho intervieno same atendio tercero retiro propios medios lugar ;[('detenido', 'ADJ'), ('semaforo', 'ADJ'), ('arroyar', 'PROPN'), ('cerrito', 'PROPN'), ('detras', 'NOUN'), ('camioneta', 'PROPN'), ('amarok', 'PROPN'), ('semaforo', 'PROPN'), ('poner', 'VERB'), ('arrancar', 'SCONJ'), ('doblar', 'VERB'), ('tomar', 'VERB'), ('autopista', 'NOUN'), ('camioneta', 'NOUN'), ('fren', 'AUX'), ('gir', 'VERB'), ('evitar', 'VERB'), ('avanzar', 'NOUN'), ('tocar', 'PROPN'), ('espejar', 'PROPN'), ('peatn', 'VERB'), ('personar', 'NOUN'), ('manifesto', 'ADJ'), ('dolor', 'NOUN'), ('brazo', 'PROPN'), ('derecho', 'ADJ'), ('intervieno', 'ADJ'), ('same', 'ADV'), ('atendio', 'NOUN'), ('3', 'ADJ'), ('retirar', 'NOUN'), ('propio', 'DET'), ('medio', 'NOUN'), ('lugar', 'NOUN')]
41;41;563;peaton;comprometida;asegurado circulando buenaventura direccion hacia hipolito yrigoyen semaforo hacia lado lomas zamora entrando peaton misma tocado asegurado parte delantera peaton cae piso asegruado llama same provincia peaton atendido trasladado;[('asegurar', 'ADJ'), ('circular', 'VERB'), ('buenaventura', 'PROPN'), ('direccion', 'PROPN'), ('hacia', 'ADP'), ('hipolito', 'DET'), ('yrigoyen', 'PROPN'), ('semaforo', 'ADJ'), ('hacia', 'ADP'), ('lado', 'NOUN'), ('loma', 'NOUN'), ('zamora', 'PROPN'), ('entrar', 'VERB'), ('peaton', 'PROPN'), ('mismo', 'DET'), ('tocar', 'ADJ'), ('asegurar', 'ADJ'), ('partir', 'NOUN'), ('delantero', 'ADJ'), ('peaton', 'PROPN'), ('caer', 'VERB'), ('pisar', 'NOUN'), ('asegruado', 'ADJ'), ('llamar', 'VERB'), ('same', 'ADV'), ('provincia', 'NOUN'), ('peaton', 'PROPN'), ('atender', 'ADJ'), ('trasladar', 'ADJ')]
42;42;577;peaton;comprometida;an saliendom marcha atreas esstacionada playon municipal toco cuidador autos parte trasera deredha brazo izq cayendo piso parte derecha levanto propios medios sion in tervencion;[('an', 'PROPN'), ('saliendom', 'PROPN'), ('marchar', 'PROPN'), ('atreas', 'NOUN'), ('esstacionada', 'ADJ'), ('playon', 'VERB'), ('municipal', 'ADJ'), ('tocar', 'NOUN'), ('cuidador', 'ADJ'), ('auto', 'ADJ'), ('partir', 'NOUN'), ('trasero', 'ADJ'), ('deredha', 'PROPN'), ('brazo', 'PROPN'), ('izq', 'PROPN'), ('caer', 'VERB'), ('pisar', 'NOUN'), ('partir', 'NOUN'), ('derecho', 'ADJ'), ('levantar', 'NOUN'), ('propio', 'DET'), ('medio', 'NOUN'), ('sion', 'PROPN'), ('in', 'ADP'), ('tervencion', 'PROPN')]
43;43;596;peaton;concurrente;nuera asegurado circulaba lara llegar interseccion basavilbaso gira hacia derecha mitad atras colectivo sale imprevistamente peaton poder conductora asegurado evitar embestirlacae cinta asfaltica levanta manifestando varios doloreses trasladada hospital local canuelas hablo conductora asegurada ;[('nuera', 'PROPN'), ('asegurar', 'ADJ'), ('circular', 'AUX'), ('lara', 'AUX'), ('llegar', 'VERB'), ('interseccion', 'PROPN'), ('basavilbaso', 'PROPN'), ('girar', 'NOUN'), ('hacia', 'ADP'), ('derecho', 'ADJ'), ('mitad', 'NOUN'), ('atras', 'ADJ'), ('colectivo', 'PROPN'), ('salir', 'VERB'), ('imprevistamente', 'ADV'), ('peaton', 'PROPN'), ('poder', 'PROPN'), ('conductor', 'ADJ'), ('asegurar', 'ADJ'), ('evitar', 'VERB'), ('embestirlacae', 'ADJ'), ('cintar', 'NOUN'), ('asfaltica', 'ADJ'), ('levantar', 'ADJ'), ('manifestar', 'VERB'), ('vario', 'DET'), ('doloreses', 'NOUN'), ('trasladar', 'ADJ'), ('hospital', 'PROPN'), ('local', 'PROPN'), ('canuelas', 'PROPN'), ('hablar', 'VERB'), ('conductor', 'ADJ'), ('asegurar', 'ADJ')]
44;44;639;peaton;comprometida;redgreenlue izquierda avda pern esperando semaforo rojoacto seguido peatones cruzan avda quedando final cantero inicio marcha rueda auto parecer dan mochila rueditas segdan anciano peatones llevaba nena salia colegio tercerosexo femenino menor edad desconoce datos terceros retiraron propios medios ;[('redgreenlue', 'PROPN'), ('izquierdo', 'PROPN'), ('avda', 'PROPN'), ('pern', 'PROPN'), ('esperar', 'VERB'), ('semaforo', 'ADJ'), ('rojoacto', 'ADJ'), ('seguir', 'ADJ'), ('peatón', 'NOUN'), ('cruzar', 'AUX'), ('avda', 'PROPN'), ('quedar', 'VERB'), ('final', 'ADJ'), ('cantero', 'ADJ'), ('iniciar', 'NOUN'), ('marchar', 'NOUN'), ('rodar', 'VERB'), ('auto', 'ADJ'), ('parecer', 'PROPN'), ('dar', 'AUX'), ('mochila', 'PROPN'), ('rueditas', 'PROPN'), ('segdan', 'AUX'), ('anciano', 'ADV'), ('peatón', 'NOUN'), ('llevar', 'AUX'), ('nene', 'VERB'), ('salio', 'PROPN'), ('colegiar', 'PROPN'), ('tercerosexo', 'PROPN'), ('femenino', 'ADJ'), ('menor', 'ADJ'), ('edad', 'NOUN'), ('desconocer', 'VERB'), ('dato', 'NOUN'), ('tercero', 'ADJ'), ('retirar', 'VERB'), ('propio', 'DET'), ('medio', 'NOUN')]
45;45;648;peaton;comprometida;asegurado circulando aranguren termina girar izquierda hidalgo impacta lateral delantero derecho peaton calzada hidalgo pasando senda peatonal peaton cae calzada ;[('asegurar', 'ADJ'), ('circular', 'VERB'), ('aranguren', 'PROPN'), ('terminar', 'VERB'), ('girar', 'VERB'), ('izquierdo', 'ADJ'), ('hidalgo', 'PROPN'), ('impactar', 'VERB'), ('lateral', 'ADJ'), ('delantero', 'NOUN'), ('derecho', 'PROPN'), ('peaton', 'PROPN'), ('calzar', 'PROPN'), ('hidalgo', 'PROPN'), ('pasar', 'VERB'), ('senda', 'PROPN'), ('peatonal', 'ADJ'), ('peaton', 'PROPN'), ('caer', 'VERB'), ('calzar', 'ADJ')]
46;46;659;peaton;comprometida;circulando picaflor doblar san martin senora cruzando asegurado toca rueda trasera izquierda desplazamientos persona cayo piso llevo medico hospital quedo observacion clinica belgrano;[('circular', 'VERB'), ('picaflor', 'PROPN'), ('doblar', 'PROPN'), ('santo', 'PROPN'), ('martin', 'PROPN'), ('senora', 'PROPN'), ('cruzar', 'AUX'), ('asegurar', 'ADJ'), ('tocar', 'VERB'), ('rodar', 'NOUN'), ('trasero', 'ADJ'), ('izquierdo', 'NOUN'), ('desplazamiento', 'NOUN'), ('personar', 'PROPN'), ('cayo', 'PROPN'), ('pisar', 'NOUN'), ('llevar', 'VERB'), ('medicar', 'PROPN'), ('hospital', 'PROPN'), ('quedar', 'PROPN'), ('observacion', 'PROPN'), ('clinica', 'PROPN'), ('belgrano', 'ADJ')]
47;47;664;peaton;comprometida;venia carril izquierdo velocidad paso escucho ruido vio espejo retrovisor peatn cado comunciamos asegurado manifiesta venia larrea dobla derecha tomar bartolome mitre delante senda peatonal produce accidente sintio ruido vio previamente peatona luego frena ve caida senora llevaba bolsos mercaderia cayo haci vereda ;[('venia', 'PROPN'), ('carril', 'NOUN'), ('izquierdo', 'ADJ'), ('velocidad', 'NOUN'), ('pasar', 'PROPN'), ('escuchar', 'VERB'), ('ruido', 'NOUN'), ('ver', 'VERB'), ('espejar', 'NOUN'), ('retrovisor', 'ADJ'), ('peatn', 'VERB'), ('cado', 'ADJ'), ('comunciamos', 'NOUN'), ('asegurar', 'ADJ'), ('manifiesto', 'PROPN'), ('venia', 'PROPN'), ('larrea', 'PROPN'), ('doblar', 'VERB'), ('derecho', 'ADJ'), ('tomar', 'VERB'), ('bartolome', 'NOUN'), ('mitre', 'VERB'), ('delante', 'ADV'), ('senda', 'NOUN'), ('peatonal', 'ADJ'), ('producir', 'VERB'), ('accidentar', 'NOUN'), ('sintio', 'ADJ'), ('ruido', 'NOUN'), ('ver', 'VERB'), ('previamente', 'ADV'), ('peatona', 'NOUN'), ('luego', 'ADV'), ('frenar', 'VERB'), ('ver', 'VERB'), ('caida', 'ADJ'), ('senora', 'ADJ'), ('llevar', 'AUX'), ('bolso', 'NOUN'), ('mercaderia', 'PROPN'), ('cayo', 'PROPN'), ('haci', 'PROPN'), ('vereda', 'PROPN')]
48;48;680;peaton;comprometida;circulando betinotti dobla izquierda persona cruzando toca espejo retrovisor derecho mujuer cae piso;[('circular', 'PROPN'), ('betinotti', 'PROPN'), ('doblar', 'PROPN'), ('izquierdo', 'ADJ'), ('personar', 'NOUN'), ('cruzar', 'VERB'), ('tocar', 'PROPN'), ('espejar', 'NOUN'), ('retrovisor', 'ADJ'), ('derecho', 'PROPN'), ('mujuer', 'PROPN'), ('caer', 'VERB'), ('pisar', 'NOUN')]
49;49;689;peaton;comprometida;redgreenlue mecanica hecho segun version asegurado saliendo garage hija toco parte trasera auto peaton hecho sucedido intenso trafico mal estacionado peaton manifesto dolor tobillo ;[('redgreenlue', 'PROPN'), ('mecanica', 'ADJ'), ('hacer', 'ADJ'), ('segun', 'ADJ'), ('version', 'PROPN'), ('asegurar', 'ADJ'), ('salir', 'AUX'), ('garage', 'PROPN'), ('hijo', 'PROPN'), ('tocar', 'VERB'), ('partir', 'NOUN'), ('trasero', 'ADJ'), ('auto', 'PROPN'), ('peaton', 'PROPN'), ('hacer', 'ADJ'), ('suceder', 'ADJ'), ('intensar', 'ADJ'), ('traficar', 'ADJ'), ('mal', 'ADV'), ('estacionar', 'ADJ'), ('peaton', 'PROPN'), ('manifesto', 'ADJ'), ('dolor', 'NOUN'), ('tobillo', 'ADJ')]
50;50;699;peaton;comprometida;vehculo asegurado circulaba echeandia girar tomar escalada impacta parte delantera peaton cruzaba peaton cay piso trasladada same hospital cecilia grierson int cria cel aseg;[('vehculo', 'NOUN'), ('asegurar', 'ADJ'), ('circular', 'AUX'), ('echeandia', 'INTJ'), ('girar', 'VERB'), ('tomar', 'VERB'), ('escalar', 'ADJ'), ('impactar', 'ADJ'), ('partir', 'NOUN'), ('delantero', 'ADJ'), ('peaton', 'PROPN'), ('cruzar', 'AUX'), ('peaton', 'PROPN'), ('cay', 'PROPN'), ('pisar', 'NOUN'), ('trasladar', 'ADJ'), ('same', 'ADV'), ('hospital', 'PROPN'), ('cecilia', 'PROPN'), ('grierson', 'PROPN'), ('int', 'PROPN'), ('cria', 'PROPN'), ('cel', 'PROPN'), ('aseg', 'ADJ')]
51;51;703;peaton;comprometida;redgreenlue asegurado circulando iriarte poder maniobrar esquivar peaton cruzaba impacta ;[('redgreenlue', 'PROPN'), ('asegurar', 'ADJ'), ('circular', 'VERB'), ('iriarte', 'ADJ'), ('poder', 'VERB'), ('maniobrar', 'VERB'), ('esquivar', 'VERB'), ('peaton', 'PROPN'), ('cruzar', 'AUX'), ('impactar', 'ADJ')]
52;52;709;peaton;concurrente;mecanica hecho segun version asegurado vehiculo asegurado circulaba gral paz colisiona parte delantera peaton menor edad sale autos estacionados peaton cayo piso presentaba lesiones visibles retiro propios medios familiares intervencion medica policial familiares trasladan menor hospital austral luego periodo internacion observacion medica dan alta desplazamientod ;[('mecanica', 'ADJ'), ('hacer', 'ADJ'), ('segun', 'ADJ'), ('version', 'PROPN'), ('asegurar', 'ADJ'), ('vehicular', 'NOUN'), ('asegurar', 'ADJ'), ('circular', 'AUX'), ('gral', 'PROPN'), ('paz', 'NOUN'), ('colisionar', 'ADJ'), ('partir', 'NOUN'), ('delantero', 'ADJ'), ('peaton', 'PROPN'), ('menor', 'ADJ'), ('edad', 'NOUN'), ('salir', 'VERB'), ('auto', 'NOUN'), ('estacionar', 'ADJ'), ('peaton', 'PROPN'), ('cayo', 'PROPN'), ('pisar', 'NOUN'), ('presentar', 'AUX'), ('lesionar', 'NOUN'), ('visible', 'ADJ'), ('retirar', 'VERB'), ('propio', 'DET'), ('medio', 'NOUN'), ('familiar', 'ADJ'), ('intervencion', 'PROPN'), ('medicar', 'PROPN'), ('policial', 'ADJ'), ('familiar', 'ADJ'), ('trasladar', 'AUX'), ('menor', 'ADJ'), ('hospital', 'PROPN'), ('austral', 'PROPN'), ('luego', 'ADV'), ('periodo', 'NOUN'), ('internacion', 'PROPN'), ('observacion', 'PROPN'), ('medicar', 'PROPN'), ('dar', 'AUX'), ('alto', 'ADJ'), ('desplazamientod', 'PROPN')]
53;53;711;peaton;comprometida;mecanica hecho segun version asegurado asegurado circulaba rivadavia girar carabobo encontraba peaton mirando celular avanzo segun dice pisa derecho toca parte delantera vehiculo asegurado cae asfalto intervencion policial desplazamientos tercero trasladado hospital alvarez desconoce quedo internadodsa amplaicion asegurado escrito ;[('mecanica', 'ADJ'), ('hacer', 'ADJ'), ('segun', 'ADJ'), ('version', 'PROPN'), ('asegurar', 'ADJ'), ('asegurar', 'ADJ'), ('circular', 'AUX'), ('rivadavia', 'PROPN'), ('girar', 'PROPN'), ('carabobo', 'PROPN'), ('encontrar', 'AUX'), ('peaton', 'PROPN'), ('mirar', 'VERB'), ('celular', 'VERB'), ('avanzar', 'PROPN'), ('segun', 'PROPN'), ('decir', 'VERB'), ('pisar', 'PROPN'), ('derecho', 'PROPN'), ('tocar', 'VERB'), ('partir', 'NOUN'), ('delantero', 'VERB'), ('vehicular', 'NOUN'), ('asegurar', 'ADJ'), ('caer', 'VERB'), ('asfaltar', 'PROPN'), ('intervencion', 'PROPN'), ('policial', 'ADJ'), ('desplazamiento', 'NOUN'), ('3', 'ADJ'), ('trasladar', 'ADJ'), ('hospital', 'PROPN'), ('alvarez', 'PROPN'), ('desconocer', 'VERB'), ('quedar', 'PROPN'), ('internadodsa', 'PROPN'), ('amplaicion', 'PROPN'), ('asegurar', 'ADJ'), ('escribir', 'ADJ')]
54;54;724;peaton;comprometida;asegurado ayacucho habilita semaforo avanza viamonte senda peatonal toca senora queda apoyada auto llega ;[('asegurar', 'ADJ'), ('ayacucho', 'PROPN'), ('habilitar', 'PROPN'), ('semaforo', 'PROPN'), ('avanzar', 'VERB'), ('viamonte', 'ADV'), ('senda', 'NOUN'), ('peatonal', 'ADJ'), ('tocar', 'VERB'), ('senora', 'ADJ'), ('quedo', 'VERB'), ('apoyar', 'ADJ'), ('auto', 'ADJ'), ('llegar', 'VERB')]
55;55;733;peaton;comprometida;asegurado circulaba peron colisiona peton baja vereda manera imprevista aseg frena golpe toca peaton criatura brazos peaton cae suelo queda capot aseg ;[('asegurar', 'ADJ'), ('circular', 'AUX'), ('peron', 'VERB'), ('colisionar', 'PROPN'), ('peton', 'PROPN'), ('bajo', 'PROPN'), ('vereda', 'PROPN'), ('manera', 'NOUN'), ('imprevisto', 'ADJ'), ('aseg', 'ADJ'), ('frenar', 'PROPN'), ('golpe', 'PROPN'), ('tocar', 'PROPN'), ('peaton', 'PROPN'), ('criatura', 'PROPN'), ('brazo', 'PROPN'), ('peaton', 'PROPN'), ('caer', 'VERB'), ('soler', 'NOUN'), ('quedo', 'VERB'), ('capot', 'PROPN'), ('aseg', 'PROPN')]
56;56;734;peaton;comprometida;mecanica hecho s vs asegurado aseg circulaba vernet esq fortunato lopez detras colectivo colectivo frena parada bajen pasajeros aseg pasa izquierda llegar esquina delante colectivo peaton aseg frena puede evitar colisionar persona persona cae suelo segun indica tenia molestias izquierda ;[('mecanica', 'ADJ'), ('hacer', 'ADJ'), ('segundo', 'CCONJ'), ('vs', 'PROPN'), ('asegurar', 'ADJ'), ('aseg', 'PROPN'), ('circular', 'AUX'), ('vernet', 'PROPN'), ('esq', 'PROPN'), ('fortunato', 'PROPN'), ('lopez', 'VERB'), ('detras', 'NOUN'), ('colectivo', 'NOUN'), ('colectivo', 'ADJ'), ('frenar', 'PROPN'), ('parar', 'ADJ'), ('bajar', 'VERB'), ('pasajero', 'NOUN'), ('aseg', 'PROPN'), ('paso', 'VERB'), ('izquierdo', 'ADJ'), ('llegar', 'VERB'), ('esquinar', 'NOUN'), ('delante', 'ADV'), ('colectivo', 'NOUN'), ('peaton', 'PROPN'), ('aseg', 'PROPN'), ('frenar', 'PROPN'), ('poder', 'AUX'), ('evitar', 'VERB'), ('colisionar', 'VERB'), ('personar', 'NOUN'), ('personar', 'NOUN'), ('caer', 'VERB'), ('soler', 'NOUN'), ('segun', 'PROPN'), ('indicar', 'VERB'), ('tenia', 'PROPN'), ('molestia', 'NOUN'), ('izquierdo', 'ADJ')]
57;57;736;peaton;comprometida;mecanica hecho segun version asegurado vehiculo asegurado detiene repentinamente rafaela tercero detiene adelante asegurado maniobraba atras evitar choque alli impacta levemente peaton justo dispuso cruzar desplazamientos lesionados peaton ;[('mecanica', 'ADJ'), ('hacer', 'ADJ'), ('segun', 'ADJ'), ('version', 'PROPN'), ('asegurar', 'ADJ'), ('vehicular', 'NOUN'), ('asegurar', 'ADJ'), ('detener', 'VERB'), ('repentinamente', 'ADV'), ('rafaela', 'VERB'), ('3', 'ADJ'), ('detener', 'VERB'), ('adelantar', 'ADV'), ('asegurar', 'ADJ'), ('maniobrar', 'AUX'), ('atras', 'NOUN'), ('evitar', 'VERB'), ('chocar', 'NOUN'), ('alli', 'VERB'), ('impactar', 'VERB'), ('levemente', 'ADV'), ('peaton', 'PROPN'), ('justar', 'ADV'), ('disponer', 'VERB'), ('cruzar', 'VERB'), ('desplazamiento', 'NOUN'), ('lesionar', 'ADJ'), ('peaton', 'PROPN')]
58;58;743;peaton;comprometida;vehiculo asegurado maniobraba marcha atras estacionar rafael calzada colisiono parte trasera derecha derecha persona traccionaba carro recoleccion persona asistida trasladada asegurado htal onativia desplazamientos;[('vehicular', 'NOUN'), ('asegurar', 'ADJ'), ('maniobrar', 'AUX'), ('marchar', 'NOUN'), ('atras', 'NOUN'), ('estacionar', 'VERB'), ('rafael', 'PROPN'), ('calzar', 'ADJ'), ('colisionar', 'NOUN'), ('partir', 'NOUN'), ('trasero', 'ADJ'), ('derecho', 'NOUN'), ('derecho', 'ADJ'), ('personar', 'NOUN'), ('traccionaba', 'AUX'), ('carro', 'PROPN'), ('recoleccion', 'PROPN'), ('personar', 'NOUN'), ('asistir', 'ADJ'), ('trasladar', 'ADJ'), ('asegurar', 'ADJ'), ('htal', 'PROPN'), ('onativia', 'PROPN'), ('desplazamiento', 'NOUN')]
59;59;744;peaton;comprometida;asegurado maniorbaba gral heras doblar izquierda hacia pte h yrigoyen colisiona parte lateral delantera izquierda peaton cruzaba pte h yrigoyen peton cayo piso presentaba lesiones izuquierda momento denuncia inervencion medica policial;[('asegurar', 'ADJ'), ('maniorbaba', 'AUX'), ('gral', 'ADJ'), ('heras', 'NOUN'), ('doblar', 'VERB'), ('izquierdo', 'ADJ'), ('hacia', 'ADP'), ('pte', 'NOUN'), ('hora', 'PROPN'), ('yrigoyen', 'PROPN'), ('colisionar', 'PROPN'), ('partir', 'NOUN'), ('lateral', 'ADJ'), ('delantero', 'ADJ'), ('izquierdo', 'ADJ'), ('peaton', 'PROPN'), ('cruzar', 'AUX'), ('pte', 'PROPN'), ('hora', 'PROPN'), ('yrigoyen', 'PROPN'), ('peton', 'PROPN'), ('cayo', 'PROPN'), ('pisar', 'NOUN'), ('presentar', 'AUX'), ('lesionar', 'NOUN'), ('izuquierda', 'ADJ'), ('momento', 'NOUN'), ('denunciar', 'VERB'), ('inervencion', 'PROPN'), ('medicar', 'ADJ'), ('policial', 'ADJ')]
60;60;768;peaton;comprometida;circulando dardo rocha doblar izquierda tomar alvear chica encandila veo toco parte delantera izquierda peaton cae piso presentaba lesiones ;[('circular', 'VERB'), ('dardo', 'PROPN'), ('rocha', 'NOUN'), ('doblar', 'ADJ'), ('izquierdo', 'ADJ'), ('tomar', 'VERB'), ('alvear', 'VERB'), ('chico', 'NOUN'), ('encandilar', 'VERB'), ('ver', 'VERB'), ('tocar', 'VERB'), ('partir', 'NOUN'), ('delantero', 'ADJ'), ('izquierdo', 'ADJ'), ('peaton', 'PROPN'), ('caer', 'VERB'), ('pisar', 'NOUN'), ('presentar', 'AUX'), ('lesionar', 'NOUN')]
61;61;773;peaton;comprometida;asegurado circulando gaona girando izquierda argerich impacta parte delantera izquerda peaton cruzaba calzada argerich peaton cae calzada ;[('asegurar', 'ADJ'), ('circular', 'VERB'), ('gaona', 'PROPN'), ('girar', 'PROPN'), ('izquierdo', 'PROPN'), ('argerich', 'PROPN'), ('impactar', 'ADJ'), ('partir', 'NOUN'), ('delantero', 'ADJ'), ('izquerda', 'ADJ'), ('peaton', 'PROPN'), ('cruzar', 'AUX'), ('calzar', 'ADJ'), ('argerich', 'PROPN'), ('peaton', 'PROPN'), ('caer', 'VERB'), ('calzar', 'ADJ')]
62;62;817;peaton;concurrente;mecanica hecho segun version asegurado venia circulando pavon cruzar rios pasando rios sale dentro vallas servicios publicos nino toque parte delantera vehiculo mas lesionados terceros involucradosd ;[('mecanica', 'ADJ'), ('hacer', 'ADJ'), ('segun', 'ADJ'), ('version', 'PROPN'), ('asegurar', 'ADJ'), ('venia', 'PROPN'), ('circular', 'AUX'), ('pavon', 'ADV'), ('cruzar', 'VERB'), ('rios', 'NOUN'), ('pasar', 'VERB'), ('rios', 'NOUN'), ('salir', 'VERB'), ('dentro', 'ADV'), ('vallar', 'NOUN'), ('servicio', 'NOUN'), ('publicos', 'ADJ'), ('nino', 'ADJ'), ('tocar', 'PROPN'), ('partir', 'NOUN'), ('delantero', 'VERB'), ('vehicular', 'NOUN'), ('mas', 'PROPN'), ('lesionar', 'ADJ'), ('tercero', 'ADJ'), ('involucradosd', 'VERB')]
63;63;823;peaton;comprometida;asegurado circulando conesa gira hacia dorrego colisiona persona cruzando persona incorpora medios cliente lleva casa acepto asistencia;[('asegurar', 'ADJ'), ('circular', 'VERB'), ('conesa', 'PROPN'), ('girar', 'PROPN'), ('hacia', 'ADP'), ('dorrego', 'NOUN'), ('colisionar', 'PROPN'), ('personar', 'NOUN'), ('cruzar', 'VERB'), ('personar', 'NOUN'), ('incorporar', 'ADJ'), ('medio', 'NOUN'), ('cliente', 'ADV'), ('llevar', 'VERB'), ('casar', 'NOUN'), ('aceptar', 'PROPN'), ('asistencia', 'NOUN')]
64;64;824;peaton;comprometida;lugar hecho gerli pallares santiago estero asegurado circulando pallares va doblar santiago estero peaton bajo vereda piso persona intervencion;[('lugar', 'NOUN'), ('hacer', 'ADJ'), ('gerli', 'PROPN'), ('pallar', 'PROPN'), ('santiago', 'PROPN'), ('esterar', 'PROPN'), ('asegurar', 'ADJ'), ('circular', 'VERB'), ('pallar', 'NOUN'), ('ir', 'AUX'), ('doblar', 'VERB'), ('santiago', 'PROPN'), ('esterar', 'PROPN'), ('peaton', 'PROPN'), ('bajar', 'ADP'), ('vereda', 'PROPN'), ('pisar', 'NOUN'), ('personar', 'PROPN'), ('intervencion', 'PROPN')]
65;65;826;peaton;concurrente;mecanica hecho segun version asegurado asegurado circulando indio luz peaton asegurado frena peaton apoya vehiculo lado izquierdo retira propios medios desplazamientod ;[('mecanica', 'ADJ'), ('hacer', 'ADJ'), ('segun', 'ADJ'), ('version', 'PROPN'), ('asegurar', 'ADJ'), ('asegurar', 'ADJ'), ('circular', 'VERB'), ('indio', 'PROPN'), ('luz', 'PROPN'), ('peaton', 'PROPN'), ('asegurar', 'ADJ'), ('frenar', 'PROPN'), ('peaton', 'PROPN'), ('apoyar', 'VERB'), ('vehicular', 'NOUN'), ('lado', 'NOUN'), ('izquierdo', 'ADJ'), ('retirar', 'VERB'), ('propio', 'DET'), ('medio', 'NOUN'), ('desplazamientod', 'VERB')]
66;66;832;peaton;comprometida;aseg circulando directorio girar hacia izq contacto peaton misma cae suelo quiso ser asistida asegurada quiso llamar manifest ningun tipo dolencias;[('aseg', 'PROPN'), ('circular', 'VERB'), ('directorio', 'ADJ'), ('girar', 'VERB'), ('hacia', 'ADP'), ('izq', 'PROPN'), ('contactar', 'NOUN'), ('peaton', 'PROPN'), ('mismo', 'DET'), ('caer', 'VERB'), ('soler', 'NOUN'), ('querer', 'VERB'), ('ser', 'VERB'), ('asistir', 'VERB'), ('asegurar', 'ADJ'), ('querer', 'VERB'), ('llamar', 'VERB'), ('manifest', 'PROPN'), ('ningun', 'PROPN'), ('tipo', 'NOUN'), ('dolencia', 'NOUN')]
67;67;837;peaton;comprometida;asegurado circulando lafuente girar matias balbastro colisiona peaton cruzaba senda peatonal peaton cae piso asistido familiares llevaron hospital ;[('asegurar', 'ADJ'), ('circular', 'VERB'), ('lafuente', 'ADJ'), ('girar', 'VERB'), ('matias', 'NOUN'), ('balbastro', 'PROPN'), ('colisionar', 'PROPN'), ('peaton', 'PROPN'), ('cruzar', 'AUX'), ('senda', 'PROPN'), ('peatonal', 'PROPN'), ('peaton', 'PROPN'), ('caer', 'VERB'), ('pisar', 'NOUN'), ('asistir', 'ADJ'), ('familiar', 'NOUN'), ('llevar', 'VERB'), ('hospital', 'NOUN')]
68;68;844;peaton;concurrente;asegurado saliendo estacionamiento obra socialdomicilio laboral aseg tomar sarmiento peaton venia corriendo lado contrario freno totalemten persona lograr parar apoya capot luego cae suelo asegurada ingreso tercero clinica realizan placas constatan lesiones oseas aseg informa camara obra social grabacin dado trabaja all ;[('asegurar', 'ADJ'), ('salir', 'VERB'), ('estacionamiento', 'ADJ'), ('obrar', 'NOUN'), ('socialdomicilio', 'NOUN'), ('laboral', 'ADJ'), ('aseg', 'PROPN'), ('tomar', 'VERB'), ('sarmentar', 'PROPN'), ('peaton', 'PROPN'), ('venia', 'PROPN'), ('correr', 'VERB'), ('lado', 'NOUN'), ('contrario', 'ADJ'), ('frenar', 'ADJ'), ('totalemten', 'AUX'), ('personar', 'NOUN'), ('lograr', 'VERB'), ('parar', 'VERB'), ('apoyar', 'PROPN'), ('capot', 'PROPN'), ('luego', 'ADV'), ('caer', 'VERB'), ('soler', 'NOUN'), ('asegurar', 'ADJ'), ('ingresar', 'NOUN'), ('3', 'ADJ'), ('clinica', 'PROPN'), ('realizar', 'AUX'), ('placa', 'NOUN'), ('constatar', 'AUX'), ('lesionar', 'NOUN'), ('oseas', 'ADJ'), ('aseg', 'PROPN'), ('informar', 'VERB'), ('camara', 'AUX'), ('obrar', 'NOUN'), ('social', 'ADJ'), ('grabacin', 'PROPN'), ('dar', 'PROPN'), ('trabajar', 'VERB'), ('all', 'PROPN')]
69;69;846;peaton;comprometida;asegurado circulando lomas piso peaton cae piso intervencion polcial;[('asegurar', 'ADJ'), ('circular', 'VERB'), ('loma', 'NOUN'), ('pisar', 'NOUN'), ('peaton', 'PROPN'), ('caer', 'VERB'), ('pisar', 'NOUN'), ('intervencion', 'PROPN'), ('polcial', 'ADJ')]
70;70;848;peaton;comprometida;vehiculo asegurado encontraba maniobrando marcha atras sarmiento traba acelerador sube cordon colisiona domicilio habia personas sentadas vereda colisionando levemente familiar traslada centro oeste senora tenia lesion hijo tobillono ;[('vehicular', 'NOUN'), ('asegurar', 'ADJ'), ('encontrar', 'AUX'), ('maniobrar', 'VERB'), ('marchar', 'NOUN'), ('atras', 'NOUN'), ('sarmentar', 'NOUN'), ('trabar', 'AUX'), ('acelerador', 'NOUN'), ('subir', 'VERB'), ('cordon', 'PROPN'), ('colisionar', 'PROPN'), ('domiciliar', 'NOUN'), ('habia', 'PROPN'), ('personar', 'NOUN'), ('sentar', 'ADJ'), ('vereda', 'NOUN'), ('colisionar', 'VERB'), ('levemente', 'ADV'), ('familiar', 'ADJ'), ('trasladar', 'VERB'), ('centrar', 'NOUN'), ('oeste', 'PROPN'), ('senora', 'PROPN'), ('tenia', 'PROPN'), ('lesion', 'PROPN'), ('hijo', 'NOUN'), ('tobillono', 'ADJ')]
71;71;855;peaton;comprometida;asegurado encontraba circulando central peaton momento asegurado tocan bocina da vuelta logra peaton coliciona parte delantera producto choque moto moto caen piso peaton cae piso peaton presentaba dolor brazo derecho asegurado ofrecio llevar hospital peaton neg luego peaton sube vehculo retira lugar intervencion lugar;[('asegurar', 'ADJ'), ('encontrar', 'AUX'), ('circular', 'VERB'), ('central', 'ADJ'), ('peaton', 'PROPN'), ('momento', 'PROPN'), ('asegurar', 'ADJ'), ('tocar', 'PROPN'), ('bocinar', 'PROPN'), ('dar', 'ADP'), ('volver', 'NOUN'), ('lograr', 'PROPN'), ('peaton', 'PROPN'), ('coliciona', 'VERB'), ('partir', 'NOUN'), ('delantero', 'VERB'), ('producto', 'NOUN'), ('chocar', 'NOUN'), ('moto', 'PROPN'), ('moto', 'PROPN'), ('caer', 'AUX'), ('pisar', 'NOUN'), ('peaton', 'PROPN'), ('caer', 'VERB'), ('pisar', 'NOUN'), ('peaton', 'PROPN'), ('presentar', 'AUX'), ('dolor', 'NOUN'), ('brazo', 'PROPN'), ('derecho', 'ADJ'), ('asegurar', 'ADJ'), ('ofrecio', 'NOUN'), ('llevar', 'VERB'), ('hospital', 'PROPN'), ('peaton', 'PROPN'), ('neg', 'PROPN'), ('luego', 'ADV'), ('peaton', 'PROPN'), ('subir', 'VERB'), ('vehculo', 'PROPN'), ('retirar', 'VERB'), ('lugar', 'PROPN'), ('intervencion', 'PROPN'), ('lugar', 'INTJ')]
72;72;866;peaton;comprometida;mecanica hecho segun version asegurado asegurado saliendo marcha atras garage colisiona parte trasera peaton caminaba vereda asegurado luego ayudar peaton retira rapidamente problemas familiares debia atender peaton luego trasladado familiar centro asistencial aparentemente informaron lesiones ligamentos momento siniestro ;[('mecanica', 'ADJ'), ('hacer', 'ADJ'), ('segun', 'ADJ'), ('version', 'PROPN'), ('asegurar', 'ADJ'), ('asegurar', 'ADJ'), ('salir', 'VERB'), ('marchar', 'INTJ'), ('atras', 'NOUN'), ('garage', 'PROPN'), ('colisionar', 'VERB'), ('partir', 'NOUN'), ('trasero', 'ADJ'), ('peaton', 'PROPN'), ('caminar', 'AUX'), ('vereda', 'PROPN'), ('asegurar', 'ADJ'), ('luego', 'ADV'), ('ayudar', 'VERB'), ('peaton', 'PROPN'), ('retirar', 'VERB'), ('rapidamente', 'ADV'), ('problema', 'NOUN'), ('familiar', 'ADJ'), ('debia', 'VERB'), ('atender', 'VERB'), ('peaton', 'PROPN'), ('luego', 'ADV'), ('trasladar', 'ADJ'), ('familiar', 'ADJ'), ('centrar', 'NOUN'), ('asistencial', 'ADJ'), ('aparentemente', 'ADV'), ('informar', 'VERB'), ('lesionar', 'NOUN'), ('ligamento', 'ADJ'), ('momento', 'NOUN'), ('siniestro', 'ADJ')]
73;73;872;peaton;comprometida;asegurado estaciona olvida colocar freno mueve hacia adelante pendiente toca tercero encontraba parado ;[('asegurar', 'ADJ'), ('estacionar', 'VERB'), ('olvidar', 'VERB'), ('colocar', 'VERB'), ('frenar', 'NOUN'), ('mover', 'VERB'), ('hacia', 'ADP'), ('adelantar', 'ADV'), ('pendiente', 'ADJ'), ('tocar', 'VERB'), ('3', 'ADJ'), ('encontrar', 'AUX'), ('parar', 'ADJ')]
74;74;875;peaton;comprometida;mecanica hecho segun version asegurado entrada buenos aires lawn tennis club esperando tomen auto estacionar muevo levemente auto valet parking acerca aprieto bajo asisto medico fractura cortadura palpal encargados informan art asociart asistido acudir luego trasladado centro medico fitz roy ;[('mecanica', 'ADJ'), ('hacer', 'ADJ'), ('segun', 'ADJ'), ('version', 'PROPN'), ('asegurar', 'ADJ'), ('entrar', 'PROPN'), ('bueno', 'PROPN'), ('aire', 'PROPN'), ('lawn', 'PROPN'), ('tennis', 'PROPN'), ('club', 'PROPN'), ('esperar', 'VERB'), ('tomar', 'NOUN'), ('auto', 'ADJ'), ('estacionar', 'VERB'), ('mover', 'ADJ'), ('levemente', 'ADV'), ('auto', 'ADJ'), ('valet', 'PROPN'), ('parking', 'ADP'), ('acercar', 'ADV'), ('apretar', 'NOUN'), ('bajar', 'ADP'), ('asistir', 'NOUN'), ('medicar', 'ADJ'), ('fracturar', 'NOUN'), ('cortadura', 'NOUN'), ('palpal', 'ADJ'), ('encargar', 'ADJ'), ('informar', 'AUX'), ('artículo', 'PROPN'), ('asociart', 'PROPN'), ('asistir', 'ADJ'), ('acudir', 'VERB'), ('luego', 'ADV'), ('trasladar', 'ADJ'), ('centrar', 'NOUN'), ('medicar', 'ADJ'), ('fitz', 'PROPN'), ('roy', 'PROPN')]
75;75;889;peaton;comprometida;mecanica hecho segun version asegurado sali domicilio llegar esquina alte brown doblando izquierda veo peaton venia cruzando manera correcta choco cae asfalto enseguida ofrecio asistencia marido asegurado traslado policlinico lomas ocurrio medio intensa luego atiendan hable hijas informaron dieron calmantes tenia ninguna lesion;[('mecanica', 'ADJ'), ('hacer', 'ADJ'), ('segun', 'ADJ'), ('version', 'PROPN'), ('asegurar', 'ADJ'), ('sali', 'PROPN'), ('domiciliar', 'NOUN'), ('llegar', 'VERB'), ('esquinar', 'NOUN'), ('alte', 'PROPN'), ('brown', 'PROPN'), ('doblar', 'VERB'), ('izquierdo', 'ADJ'), ('ver', 'PROPN'), ('peaton', 'PROPN'), ('venia', 'PROPN'), ('cruzar', 'VERB'), ('manera', 'NOUN'), ('correcto', 'ADJ'), ('chocar', 'PROPN'), ('caer', 'VERB'), ('asfaltar', 'NOUN'), ('enseguida', 'ADV'), ('ofrecio', 'NOUN'), ('asistencia', 'NOUN'), ('maridar', 'NOUN'), ('asegurar', 'ADJ'), ('trasladar', 'ADJ'), ('policlinico', 'ADJ'), ('loma', 'PROPN'), ('ocurrio', 'ADJ'), ('mediar', 'PROPN'), ('intenso', 'ADJ'), ('luego', 'ADV'), ('atender', 'VERB'), ('hablar', 'ADJ'), ('hijo', 'NOUN'), ('informar', 'VERB'), ('dar', 'VERB'), ('calmante', 'NOUN'), ('tenia', 'PROPN'), ('ninguno', 'DET'), ('lesion', 'NOUN')]
76;76;896;peaton;comprometida;redgreenlue vehiculo asegurado circulaba azcuenaga doblar izquierda viamonte produce colision parte delantera derecha vehiculo asegurado peaton cruzaba manifiesta lesion izquierdo rostro asegurado lleva htal rivadaviadfilisaslqj ;[('redgreenlue', 'PROPN'), ('vehicular', 'NOUN'), ('asegurar', 'ADJ'), ('circular', 'AUX'), ('azcuenaga', 'PROPN'), ('doblar', 'VERB'), ('izquierdo', 'NOUN'), ('viamonte', 'ADV'), ('producir', 'VERB'), ('colision', 'PROPN'), ('partir', 'VERB'), ('delantero', 'ADJ'), ('derecho', 'ADJ'), ('vehicular', 'NOUN'), ('asegurar', 'ADJ'), ('peaton', 'PROPN'), ('cruzar', 'AUX'), ('manifiesto', 'ADJ'), ('lesion', 'NOUN'), ('izquierdo', 'ADJ'), ('rostro', 'NOUN'), ('asegurar', 'ADJ'), ('llevar', 'VERB'), ('htal', 'ADJ'), ('rivadaviadfilisaslqj', 'NOUN')]
77;77;941;peaton;comprometida;salgo semaforo noviembre doblar izquierda esquina juan garay peaton toco paragolpe delantero bajar corroborar sufrio mas roce quiere lleve hospital darme datos siguio caminando problema solo dio telefono trabajaba verduleria esquina vehiculo posee camara filma constantemente filmacion hecho necesario;[('salir', 'PROPN'), ('semaforo', 'AUX'), ('noviembre', 'NOUN'), ('doblar', 'ADJ'), ('izquierdo', 'ADJ'), ('esquinar', 'ADJ'), ('juan', 'PROPN'), ('garay', 'PROPN'), ('peaton', 'PROPN'), ('tocar', 'PROPN'), ('paragolpe', 'NOUN'), ('delantero', 'ADJ'), ('bajar', 'VERB'), ('corroborar', 'VERB'), ('sufrio', 'PROPN'), ('mas', 'PROPN'), ('rozar', 'PROPN'), ('querer', 'VERB'), ('llevar', 'PROPN'), ('hospital', 'PROPN'), ('darme', 'PROPN'), ('dato', 'NOUN'), ('siguio', 'VERB'), ('caminar', 'VERB'), ('problema', 'NOUN'), ('solo', 'ADJ'), ('dar', 'VERB'), ('telefono', 'NOUN'), ('trabajar', 'AUX'), ('verduleria', 'NOUN'), ('esquinar', 'ADJ'), ('vehicular', 'PROPN'), ('poseer', 'VERB'), ('camara', 'AUX'), ('filmar', 'NOUN'), ('constantemente', 'ADV'), ('filmacion', 'ADJ'), ('hacer', 'ADJ'), ('necesario', 'ADJ')]
78;78;951;peaton;comprometida;asegurado girando jose ignacio gorriti hacia bulnes impacta peatones cruzaban calzada desplazamientos peatones cayeron piso pudieron levantar ;[('asegurar', 'ADJ'), ('girar', 'AUX'), ('jose', 'PROPN'), ('ignacio', 'PROPN'), ('gorriti', 'PROPN'), ('hacia', 'ADP'), ('bulnes', 'NOUN'), ('impactar', 'VERB'), ('peatón', 'NOUN'), ('cruzar', 'AUX'), ('calzar', 'ADJ'), ('desplazamiento', 'NOUN'), ('peatón', 'ADJ'), ('caer', 'VERB'), ('pisar', 'NOUN'), ('poder', 'VERB'), ('levantar', 'VERB')]
79;79;970;peaton;comprometida;redgreenlueuc mecanica hecho segun version asegurado circulando san ignacio interseccion roca pasa persona corriendo colisiono levemente cae piso levanta retira medios intervencion aparentemente econtraba alcoholizado d ;[('redgreenlueuc', 'ADJ'), ('mecanica', 'PROPN'), ('hacer', 'ADJ'), ('segun', 'ADJ'), ('version', 'PROPN'), ('asegurar', 'ADJ'), ('circular', 'VERB'), ('santo', 'PROPN'), ('ignacio', 'PROPN'), ('interseccion', 'PROPN'), ('roca', 'PROPN'), ('paso', 'VERB'), ('personar', 'NOUN'), ('correr', 'VERB'), ('colisionar', 'NOUN'), ('levemente', 'ADJ'), ('caer', 'VERB'), ('pisar', 'NOUN'), ('levantar', 'VERB'), ('retirar', 'PROPN'), ('medio', 'NOUN'), ('intervencion', 'PROPN'), ('aparentemente', 'ADV'), ('econtraba', 'AUX'), ('alcoholizar', 'ADJ'), ('d', 'PROPN')]
80;80;1006;peaton;comprometida;aseg circulando interseccion golpe auto lado izquierdo espejo retrovisor cae suelo chica paseaba perros aseg acompano domicilio mascotas decia dolia ;[('aseg', 'PROPN'), ('circular', 'VERB'), ('interseccion', 'PROPN'), ('golpe', 'PROPN'), ('auto', 'ADJ'), ('lado', 'NOUN'), ('izquierdo', 'ADJ'), ('espejar', 'NOUN'), ('retrovisor', 'ADJ'), ('caer', 'VERB'), ('soler', 'NOUN'), ('chico', 'ADJ'), ('pasear', 'AUX'), ('perro', 'NOUN'), ('aseg', 'PROPN'), ('acompano', 'ADJ'), ('domiciliar', 'NOUN'), ('mascota', 'NOUN'), ('decia', 'NOUN'), ('dolia', 'PROPN')]
81;81;1012;peaton;comprometida;asegurado circulando escultura gira izquierda ontinuar derqui colisiona parte delantera peaton cruzaba peaton cae asfalto asegurado traslada centro asistencial ;[('asegurar', 'ADJ'), ('circular', 'PROPN'), ('escultura', 'PROPN'), ('girar', 'NOUN'), ('izquierdo', 'ADJ'), ('ontinuar', 'PROPN'), ('derqui', 'PROPN'), ('colisionar', 'PROPN'), ('partir', 'NOUN'), ('delantero', 'ADJ'), ('peaton', 'PROPN'), ('cruzar', 'AUX'), ('peaton', 'PROPN'), ('caer', 'VERB'), ('asfaltar', 'NOUN'), ('asegurar', 'ADJ'), ('trasladar', 'VERB'), ('centrar', 'NOUN'), ('asistencial', 'ADJ')]
82;82;1017;peaton;comprometida;asegurado avanza baja velocidad ruta control agente baja aseg roza levemente parte delantera izquierda agente cae suelo ;[('asegurar', 'ADJ'), ('avanzar', 'VERB'), ('bajo', 'ADJ'), ('velocidad', 'NOUN'), ('ruta', 'ADJ'), ('control', 'NOUN'), ('agente', 'ADV'), ('bajo', 'ADJ'), ('aseg', 'PROPN'), ('rozar', 'VERB'), ('levemente', 'ADV'), ('partir', 'NOUN'), ('delantero', 'ADJ'), ('izquierdo', 'ADJ'), ('agente', 'ADJ'), ('caer', 'VERB'), ('soler', 'NOUN')]
83;83;1035;peaton;comprometida;circulando gibraltar delante mio haba auto detenido contraria reducida deteng pase hace dispongo pasar persona lado auto tira hacia vehculo impactando capot asusto acelero irme lugarya pense queran robar inciando giro hacia izquierda masculino vereda tira cristal delantero izquierdodanandoloacto seguido voy comisaria pontevedra ta realizo denuncia sucedido datos tercero d;[('circular', 'VERB'), ('gibraltar', 'PROPN'), ('delante', 'ADV'), ('mio', 'PROPN'), ('haba', 'AUX'), ('auto', 'NOUN'), ('detener', 'ADJ'), ('contrario', 'ADJ'), ('reducir', 'ADJ'), ('deteng', 'ADJ'), ('pasar', 'PROPN'), ('hacer', 'AUX'), ('disponer', 'PROPN'), ('pasar', 'VERB'), ('personar', 'NOUN'), ('lado', 'ADJ'), ('auto', 'ADJ'), ('tirar', 'VERB'), ('hacia', 'ADP'), ('vehculo', 'NOUN'), ('impactar', 'VERB'), ('capot', 'PROPN'), ('asustar', 'PROPN'), ('acelerar', 'PROPN'), ('irme', 'PROPN'), ('lugarya', 'PROPN'), ('pense', 'ADV'), ('queran', 'AUX'), ('robar', 'VERB'), ('inciando', 'VERB'), ('girar', 'NOUN'), ('hacia', 'ADP'), ('izquierdo', 'NOUN'), ('masculino', 'ADJ'), ('vereda', 'PROPN'), ('tirar', 'PROPN'), ('cristal', 'PROPN'), ('delantero', 'NOUN'), ('izquierdodanandoloacto', 'ADJ'), ('seguir', 'ADJ'), ('ir', 'AUX'), ('comisaria', 'ADJ'), ('pontevedra', 'PROPN'), ('ta', 'AUX'), ('realizar', 'PROPN'), ('denunciar', 'NOUN'), ('suceder', 'ADJ'), ('dato', 'NOUN'), ('3', 'ADJ'), ('d', 'PROPN')]
84;84;1051;peaton;comprometida;vehiculo asegurado giraba izquierda tomando riosembiste peaton cruzabael peaton caese levanta medioscon dolor hombros cree derechala asegurada traslada dlio laboral llamar artte asegurada luego h;[('vehicular', 'NOUN'), ('asegurar', 'ADJ'), ('girar', 'AUX'), ('izquierdo', 'ADJ'), ('tomar', 'VERB'), ('riosembiste', 'PROPN'), ('peaton', 'PROPN'), ('cruzabael', 'PROPN'), ('peaton', 'PROPN'), ('caese', 'PROPN'), ('levantar', 'NOUN'), ('medioscon', 'ADP'), ('dolor', 'NOUN'), ('hombro', 'ADJ'), ('creer', 'VERB'), ('derechala', 'ADJ'), ('asegurar', 'ADJ'), ('trasladar', 'VERB'), ('dlio', 'PROPN'), ('laboral', 'ADJ'), ('llamar', 'PROPN'), ('artte', 'PROPN'), ('asegurar', 'ADJ'), ('luego', 'ADV'), ('hora', 'CCONJ')]
85;85;1068;peaton;comprometida;aseg encontraba circulando colectora sur ruta dentro barrio parque remanso patria km exaltacion cruz aseg relata pierde visibilidad tramo pasto arboles crecidos dejaban paso mas calzada cond relata luminarias logra encontraba corriendo lugar mismo termina embistiendola parte frontal derecha aseg cond asiste llamando trasladada htal san jose luego htal pilar hacerle estudios profunidad informado estiman medioda estaran dandole alta desplazamientos;[('aseg', 'PROPN'), ('encontrar', 'AUX'), ('circular', 'VERB'), ('colector', 'ADJ'), ('sur', 'ADJ'), ('ruta', 'ADJ'), ('dentro', 'ADV'), ('barrio', 'ADJ'), ('parque', 'PROPN'), ('remansar', 'PROPN'), ('patrio', 'PROPN'), ('kilómetro', 'PROPN'), ('exaltacion', 'PROPN'), ('cruz', 'PROPN'), ('aseg', 'PROPN'), ('relatar', 'VERB'), ('perder', 'VERB'), ('visibilidad', 'NOUN'), ('tramar', 'ADJ'), ('pastar', 'ADV'), ('arbolar', 'ADJ'), ('crecer', 'ADJ'), ('dejar', 'AUX'), ('pasar', 'NOUN'), ('mas', 'PROPN'), ('calzar', 'ADJ'), ('cond', 'PROPN'), ('relatar', 'VERB'), ('luminaria', 'PROPN'), ('lograr', 'PROPN'), ('encontrar', 'AUX'), ('correr', 'VERB'), ('lugar', 'NOUN'), ('mismo', 'ADJ'), ('terminar', 'AUX'), ('embistiendola', 'ADJ'), ('partir', 'NOUN'), ('frontal', 'ADJ'), ('derecho', 'NOUN'), ('aseg', 'ADJ'), ('cond', 'PROPN'), ('asistir', 'PROPN'), ('llamar', 'VERB'), ('trasladar', 'ADJ'), ('htal', 'ADJ'), ('santo', 'PROPN'), ('jose', 'PROPN'), ('luego', 'ADV'), ('htal', 'ADJ'), ('pilar', 'PROPN'), ('hacerle', 'VERB'), ('estudio', 'NOUN'), ('profunidad', 'NOUN'), ('informar', 'ADJ'), ('estimar', 'AUX'), ('medioda', 'NOUN'), ('estaran', 'AUX'), ('dandole', 'VERB'), ('alto', 'ADJ'), ('desplazamiento', 'NOUN')]
86;86;1077;peaton;comprometida;vehiculo asegurado circulando febrero momento dispone girar izquierda hacia besares produce colision peaton cruzaba peaton cae suelo ;[('vehicular', 'NOUN'), ('asegurar', 'ADJ'), ('circular', 'VERB'), ('febrero', 'NOUN'), ('momento', 'NOUN'), ('disponer', 'VERB'), ('girar', 'VERB'), ('izquierdo', 'NOUN'), ('hacia', 'ADP'), ('besar', 'NOUN'), ('producir', 'VERB'), ('colision', 'PROPN'), ('peaton', 'PROPN'), ('cruzar', 'AUX'), ('peaton', 'PROPN'), ('caer', 'VERB'), ('soler', 'NOUN')]
87;87;1080;peaton;comprometida;circulando reconquista llegando interseccin teodoro plaza freno llegar esquina hdameda desplace impacte persona cruzando teodoro plaza intervencin policial damnificada caminando medios;[('circular', 'VERB'), ('reconquistar', 'ADJ'), ('llegar', 'VERB'), ('interseccin', 'NOUN'), ('teodoro', 'PROPN'), ('plaza', 'NOUN'), ('frenar', 'ADJ'), ('llegar', 'VERB'), ('esquinar', 'NOUN'), ('hdameda', 'ADP'), ('desplazar', 'VERB'), ('impactar', 'PROPN'), ('personar', 'PROPN'), ('cruzar', 'VERB'), ('teodoro', 'PROPN'), ('plaza', 'PROPN'), ('intervencin', 'NOUN'), ('policial', 'ADJ'), ('damnificar', 'ADJ'), ('caminar', 'VERB'), ('medio', 'NOUN')]
88;88;1086;peaton;comprometida;circulaba eeuu doblo hacia izquierda saavedra toco parte delantera peaton cruzaba persona cayo asegurado traslado auto peaton hospital ramos mejia datos tercero;[('circular', 'AUX'), ('eeuu', 'PROPN'), ('doblar', 'PROPN'), ('hacia', 'ADP'), ('izquierdo', 'NOUN'), ('saavedra', 'PROPN'), ('tocar', 'VERB'), ('partir', 'NOUN'), ('delantero', 'ADJ'), ('peaton', 'PROPN'), ('cruzar', 'AUX'), ('personar', 'PROPN'), ('cayo', 'PROPN'), ('asegurar', 'ADJ'), ('trasladar', 'ADJ'), ('auto', 'ADJ'), ('peaton', 'PROPN'), ('hospital', 'PROPN'), ('ramo', 'PROPN'), ('mejia', 'PROPN'), ('dato', 'NOUN'), ('3', 'ADJ')]
89;89;1098;peaton;comprometida;circulaba san martin interseccion fray mamerto esqui darme cuenta logro frenar impactando peaton q encontraba cuzando mismo cae piso desciendo asisto hace presente personal medico policial ser trasladado poseia lesiones visibles traslado domicilio peaton presentaba dolor izquierda secuestrado informando same ameritaba trasladao alguno mas terceros lesionados involucrados datos tercero;[('circular', 'AUX'), ('santo', 'PROPN'), ('martin', 'PROPN'), ('interseccion', 'PROPN'), ('fray', 'PROPN'), ('mamerto', 'PROPN'), ('esqui', 'PROPN'), ('darme', 'PROPN'), ('contar', 'NOUN'), ('lograr', 'VERB'), ('frenar', 'VERB'), ('impactar', 'VERB'), ('peaton', 'PROPN'), ('q', 'CCONJ'), ('encontrar', 'VERB'), ('cuzando', 'VERB'), ('mismo', 'DET'), ('caer', 'VERB'), ('pisar', 'NOUN'), ('descender', 'VERB'), ('asistir', 'ADJ'), ('hacer', 'AUX'), ('presentar', 'ADJ'), ('personal', 'ADJ'), ('medicar', 'ADJ'), ('policial', 'ADJ'), ('ser', 'VERB'), ('trasladar', 'VERB'), ('poseia', 'ADJ'), ('lesionar', 'NOUN'), ('visible', 'ADJ'), ('trasladar', 'ADJ'), ('domiciliar', 'NOUN'), ('peaton', 'PROPN'), ('presentar', 'AUX'), ('dolor', 'NOUN'), ('izquierdo', 'ADJ'), ('secuestrar', 'ADJ'), ('informar', 'VERB'), ('same', 'ADV'), ('ameritar', 'AUX'), ('trasladao', 'NOUN'), ('alguno', 'DET'), ('mas', 'ADV'), ('tercero', 'ADJ'), ('lesionar', 'ADJ'), ('involucrar', 'ADJ'), ('dato', 'NOUN'), ('3', 'ADJ')]
90;90;1106;peaton;;asegurado circulando avda independencia persona golpea manos lado izquierdo delantero asegurado ;[('asegurar', 'ADJ'), ('circular', 'VERB'), ('avda', 'PROPN'), ('independencia', 'PROPN'), ('personar', 'NOUN'), ('golpear', 'VERB'), ('mano', 'NOUN'), ('lado', 'ADJ'), ('izquierdo', 'ADJ'), ('delantero', 'NOUN'), ('asegurar', 'ADJ')]
91;91;1133;peaton;comprometida;asegurado circulando madero girar interseccion castro pierde control unidad sube vereda embiste peatones camniaban misma circulaba acompanante martin primo titular d;[('asegurar', 'ADJ'), ('circular', 'VERB'), ('maderar', 'ADJ'), ('girar', 'VERB'), ('interseccion', 'PROPN'), ('castrar', 'PROPN'), ('perder', 'VERB'), ('control', 'NOUN'), ('unidad', 'PROPN'), ('subir', 'VERB'), ('vereda', 'PROPN'), ('embestir', 'PROPN'), ('peatón', 'NOUN'), ('camniaban', 'AUX'), ('mismo', 'DET'), ('circular', 'AUX'), ('acompanante', 'ADJ'), ('martin', 'PROPN'), ('primar', 'PROPN'), ('titular', 'NOUN'), ('d', 'PROPN')]
92;92;1134;peaton;comprometida;asegurado circulaba colectora maniobra girar derecha hacia puente impacta parte delantera izquierda peaton corriendo desplazamientos peaton cae piso presenta dolor ;[('asegurar', 'PROPN'), ('circular', 'AUX'), ('colector', 'ADJ'), ('maniobrar', 'NOUN'), ('girar', 'VERB'), ('derecho', 'ADJ'), ('hacia', 'ADP'), ('puente', 'NOUN'), ('impactar', 'ADJ'), ('partir', 'NOUN'), ('delantero', 'ADJ'), ('izquierdo', 'ADJ'), ('peaton', 'PROPN'), ('correr', 'VERB'), ('desplazamiento', 'NOUN'), ('peaton', 'PROPN'), ('caer', 'VERB'), ('pisar', 'NOUN'), ('presentar', 'VERB'), ('dolor', 'NOUN')]
93;93;1143;peaton;comprometida;asegurado encontraba circulando varvello asegurado encontraba detras ambos aceleran cruzar interseccin b mitre primero tercero luego intenta cruzar asegurado peaton momento apurado varvello asegurado frena impacta parte delantera peaton peaton cae piso asegurado lleva peaton domicilio intervencin peaton nego lleven hospital llamen;[('asegurar', 'ADJ'), ('encontrar', 'AUX'), ('circular', 'VERB'), ('varvello', 'NOUN'), ('asegurar', 'ADJ'), ('encontrar', 'AUX'), ('detras', 'NOUN'), ('ambos', 'NUM'), ('acelerar', 'AUX'), ('cruzar', 'VERB'), ('interseccin', 'PROPN'), ('b', 'PROPN'), ('mitre', 'PROPN'), ('1', 'ADV'), ('3', 'ADJ'), ('luego', 'ADV'), ('intentar', 'VERB'), ('cruzar', 'VERB'), ('asegurar', 'ADJ'), ('peaton', 'PROPN'), ('momento', 'NOUN'), ('apurar', 'ADJ'), ('varvello', 'NOUN'), ('asegurar', 'ADJ'), ('frenar', 'PROPN'), ('impactar', 'ADJ'), ('partir', 'NOUN'), ('delantero', 'ADJ'), ('peaton', 'PROPN'), ('peaton', 'PROPN'), ('caer', 'VERB'), ('pisar', 'NOUN'), ('asegurar', 'ADJ'), ('llevar', 'VERB'), ('peaton', 'PROPN'), ('domiciliar', 'PROPN'), ('intervencin', 'PROPN'), ('peaton', 'PROPN'), ('nego', 'PROPN'), ('llevar', 'VERB'), ('hospital', 'PROPN'), ('llamar', 'VERB')]
94;94;1147;peaton;comprometida;vehiculo asegurado circulaba colisiona espejo retrovidor izquierdo codo peaton caminaba asegurada detiene ofrece llevarlo atiendan peaton niega ser atendido intercambian datos va espejo vehiculo asegurado rompiod;[('vehicular', 'NOUN'), ('asegurar', 'ADJ'), ('circular', 'AUX'), ('colisionar', 'PROPN'), ('espejar', 'NOUN'), ('retrovidor', 'ADJ'), ('izquierdo', 'ADJ'), ('codo', 'PROPN'), ('peaton', 'PROPN'), ('caminar', 'AUX'), ('asegurar', 'ADJ'), ('detener', 'VERB'), ('ofrecer', 'VERB'), ('llevarlo', 'VERB'), ('atender', 'VERB'), ('peaton', 'PROPN'), ('negar', 'VERB'), ('ser', 'VERB'), ('atender', 'VERB'), ('intercambiar', 'AUX'), ('dato', 'NOUN'), ('ir', 'VERB'), ('espejar', 'NOUN'), ('vehicular', 'ADJ'), ('asegurar', 'ADJ'), ('rompiod', 'VERB')]
